Stkcd,Trddt,Opnprc,Hiprc,Loprc,Clsprc,Dnshrtrd,Dnvaltrd,Dretnd,Adjprcnd,Markettype,Trdsta,ChangeRatio
990001,2022-01-03,29.572148055546677,30.493043677217482,29.040887689463997,29.89396593878058,19086232,551811794.2970216,-0.006839553898505161,21.45415640430556,32,1,0.057666501581356173
990001,2022-01-04,29.5351530134495,30.03297263679632,27.44837086290054,27.853224244596564,21034162,566287960.9822909,-0.06858823514808526,28.78559003718754,32,1,0.02531481205015325
990001,2022-01-05,27.991823602517666,29.793679287509526,27.742759070269415,29.4669724618062,38993753,1203965574.1808426,0.0611207712027151,24.548205930025947,32,1,-0.07191800350195231
990001,2022-01-06,29.376643697380576,30.03016217240776,28.65701134216168,29.387720410126054,13470066,380232525.2076116,-0.006330019979120343,52.4244300058857,32,1,-0.018211485706566687
990001,2022-01-07,29.38254054794081,29.723774436533766,28.545717143720932,28.781477100324746,19785205,613177153.9341228,-0.01744308776568778,10.483127385871676,32,1,0.03027093160890263
990001,2022-01-10,28.14375064011249,28.94154226049099,27.570521692487304,28.28797067821873,20825188,554688178.2429459,-0.01967863448651363,24.099283571745335,32,1,-0.033893256092109726
990001,2022-01-11,28.092802260612107,29.4542146141845,28.004908771064724,29.29567404412334,25837297,746644948.9638009,0.03750777220333455,68.76013710604981,32,1,0.009929422297069989
990001,2022-01-12,29.584590415429247,30.447988065391275,27.854570921626944,28.790473958685432,86912432,2456405741.0683928,-0.02101700287666167,24.053564874195775,32,1,-0.08544590186892709
990001,2022-01-13,28.55561164240432,29.065785549214517,28.23660412494078,28.852103292037047,10588812,257475006.01626632,0.004466177212550464,69.0262478171636,32,1,-0.024376749860457347
990001,2022-01-14,28.633562215277045,29.78792698511125,28.44588330240519,29.770836681768117,20958296,632553518.5630728,0.027951234242042315,50.70254766398508,32,1,0.0009640774902141573
990001,2022-01-17,29.940958217262164,30.061576294954758,29.54402168603805,29.58446720753129,72991232,2312180752.595673,0.0020547631901815136,10.279349347989253,32,1,0.02329189822344279
990001,2022-01-18,30.135191212417155,30.557479817192913,29.1907822424745,29.849034947323318,12775731,338275706.80673814,0.0016855291640160914,19.011691638897855,32,1,-0.02053990753500122
990001,2022-01-19,29.668603602043117,30.274810560257613,28.922296788064575,29.35668129752599,54534588,1569375460.1166945,-0.015488731098808247,95.31935681497988,32,1,0.030562532361806526
990001,2022-01-20,29.083462202271363,29.775440766408106,28.69932092454115,29.324515527467497,21748817,661207069.1300647,3.732204504264009e-05,11.446801988641157,32,1,-0.05702153313987613
990001,2022-01-21,29.64614491082043,30.18865758227129,28.746602999579064,29.277096534062135,36679855,1082584278.5354,-0.005423405861007885,22.138836628796327,32,1,-0.009810473723825128
990001,2022-01-24,29.018229434717817,29.3253997004823,28.847836529325345,29.043430747598386,28285799,939762186.6561003,-0.0007480009440010817,33.52634787145025,32,1,0.0036489458979690774
990001,2022-01-25,29.105952155017377,29.322528568823806,28.671690594339474,29.066335417931885,25140379,662052248.9521178,-0.002493846326056664,36.716500965360396,32,1,-0.06003778842132555
990001,2022-01-26,29.60273875778114,29.687484184797377,29.494764902367347,29.637876649254135,12426808,346032380.9949485,0.017558635845739974,80.95772036227973,32,1,0.04383149430080335
990001,2022-01-27,29.669111955927633,29.78796767620242,28.647760834514365,28.838062103199015,18432903,556898632.0755508,-0.025742247765383263,17.753245692457334,32,1,0.007543604704590635
990001,2022-01-28,28.667309352734126,29.081902590800965,27.83340072624556,28.25921742279342,33368822,884461291.6206317,-0.01813889590371028,33.9585360489275,32,1,-0.04318646654076648
990001,2022-01-31,27.78517043359597,27.78517043359597,27.43691269626452,27.483074743285613,16801555,491131634.93755674,-0.029459112669000483,48.95298225073047,32,1,0.01702630551803378
990001,2022-02-01,27.41509586657128,28.135654149290062,25.91751256535122,26.573220551441675,10330816,316704457.9910194,-0.03104832247636783,26.26872823465349,32,1,-0.03339003399504525
990001,2022-02-02,26.561465811696152,27.055153323082525,25.908028578126608,26.457952861784168,12498693,328411681.2474531,-0.004486142936230245,18.5619724781989,32,1,-0.02667297113750098
990001,2022-02-03,26.343427794361826,26.475740925749136,26.19095040625469,26.23790297837221,43960412,1315024915.6559308,-0.007678919105856301,24.049872302278768,32,1,-0.05275874845382796
990001,2022-02-04,26.47448878112004,27.009016402315062,25.82003797395358,26.241755361278344,54522871,1419695294.699346,-0.003279014981816222,15.413148206713284,32,1,-0.01614884949564522
990001,2022-02-07,25.850607546661557,26.47703292035049,25.439428945767062,26.099251832248317,13221957,370039908.7107922,-0.00395515768340694,31.21156922873555,32,1,-0.08276374201003875
990001,2022-02-08,25.74891432183318,25.98227690878998,25.216698875972167,25.65624660989597,22146575,614913438.0476571,-0.02128592283062165,58.72727647586344,32,1,0.004784199763974118
990001,2022-02-09,25.331922007629874,25.63828889948388,23.516905477148228,23.819008643368438,45166583,1016568005.6931705,-0.06851513713258162,23.271025804645515,32,1,0.06411667056449956
990001,2022-02-10,23.74347461033333,25.094744142252697,23.580543413537832,24.77626533691228,23288289,595922405.0443255,0.04505122704140467,46.27084457791914,32,1,-0.019215343763700397
990001,2022-02-11,24.525072346797703,25.636448878558344,24.075006442283488,25.361798586796954,22718862,509718514.2626352,0.018960327157380316,9.424097537775475,32,1,-0.08662359394372751
990001,2022-02-14,24.958272466605173,25.557904041103985,24.635581463710686,25.1685328768108,26946273,695335587.3626742,-0.0038582466693491677,10.363811135888236,32,1,-0.02044490673302799
990001,2022-02-15,24.98538870870327,25.425940546521836,24.587235336660612,25.014523698871916,11246061,250684212.8773373,-0.007735329573339945,64.2815115681885,32,1,-0.005565549147049494
990001,2022-02-16,25.0588301572322,25.36362797398126,24.335638186775174,24.726946390003366,13840617,376371610.04068977,-0.012321197363932416,28.33303270974143,32,1,0.002470468448396548
990001,2022-02-17,24.491805013861377,24.88416809029444,23.252698396707935,23.56097087436802,31222474,773962319.2796514,-0.044802024352521834,40.173378415776234,32,1,-0.005436378076208635
990001,2022-02-18,23.838784979551026,24.30398094536728,23.288827726606442,23.680735843153833,24584127,585037665.1674967,0.003906111684438587,13.023948495258512,32,1,0.052149876249917154
990001,2022-02-21,23.1590309047789,23.93233210001264,22.772252591123014,23.450949257222323,28407609,658533759.9096692,-0.009369476445945808,17.90449084431285,32,1,-0.00987803120813926
990001,2022-02-22,23.631727897563614,23.631727897563614,23.377069663986312,23.556549123621426,22172778,475756875.9253789,0.0028666225728706967,61.610936463123174,32,1,-0.01742530754920589
990001,2022-02-23,23.322619675707053,23.87828788037072,23.16668156272006,23.731576159172715,9832495,271642734.8108242,0.007862190819184293,30.488492251521286,32,1,0.009612399310626152
990001,2022-02-24,23.79783618914146,24.34268654399137,22.210508648542675,22.76880297552469,27272324,595622613.0551398,-0.04051044243235281,45.25611792919678,32,1,0.013082653852235825
990001,2022-02-25,23.187393681247354,23.925821009114177,22.703994249940877,23.520779383775203,44065306,964155244.9638338,0.02929874526399829,31.74774685927263,32,1,-0.010789550571914736
990001,2022-02-28,23.42002176857589,23.980962539490232,23.057188250595516,23.551812635061783,29032229,639525327.1158104,0.003647680898839478,61.33953236521509,32,1,-0.011888015546676742
990001,2022-03-01,23.576541804349755,23.845910218180467,23.33885661777469,23.561762843151108,29114857,786295495.7503229,0.000641316666422721,22.630612788436444,32,1,-0.026661034019682346
990001,2022-03-02,23.736130374999423,24.288083970953558,23.36121344031738,23.976422235583534,9924536,263125183.59454194,0.016249779614524257,7.855778418390045,32,1,0.023399287105533094
990001,2022-03-03,23.650946167181424,24.175228151057432,23.209698138052854,23.917773422416264,18366562,458312057.4368357,-0.003966661965898069,17.823264266764575,32,1,-0.059420943444968885
990001,2022-03-04,23.996662297604463,23.996662297604463,23.63968951287743,23.78917398345434,16213751,403871596.66577446,-0.004456223617102474,42.958844402243,32,1,0.0011966106419594785
990001,2022-03-07,23.832984250439434,24.208364856776374,23.177961403313972,23.31954850504379,14914708,378443055.8546647,-0.014921251298814327,36.409754037508264,32,1,0.02914475554106387
990001,2022-03-08,23.24806116865119,23.861319356062527,23.188699763274695,23.829933628576043,13645130,328883603.19469076,0.018654340698664937,26.77247524929839,32,1,-0.005091084327222224
990001,2022-03-09,23.912665984783814,24.126868121167487,23.115820118245033,23.431030342246657,31497270,677653025.9189866,-0.017222031261368734,61.63414877654042,32,1,-0.06621327546931198
990001,2022-03-10,23.37885586027465,23.628784432565983,22.306584840400863,22.646278444775888,28120645,661472139.3122822,-0.03385828176257364,21.954551877834934,32,1,-0.009011219487124633
990001,2022-03-11,22.38998185104428,23.10065812052126,21.917852485558722,22.549757477773007,33279155,655546376.2769003,-0.00206131904284628,15.74093591733859,32,1,0.023319809211902617
990001,2022-03-14,22.28566393411155,22.96463249775832,22.283481011147416,22.96463249775832,57531619,1394949297.1497848,0.017964239034854175,51.70435406252799,32,1,0.0052046451204025065
990001,2022-03-15,23.136424569433963,23.351736911944226,22.7894830972204,22.997424169907763,24001607,492050916.0751306,0.0033503431549253347,20.827359031458464,32,1,-0.04234812720589646
990001,2022-03-16,23.479480432409222,23.98793798526975,22.975737192990866,23.6799111937922,24421259,634541036.7523805,0.02860996398848228,35.81524380488688,32,1,0.07982609176795741
990001,2022-03-17,23.543559693653364,23.884846576131043,22.69102395927676,22.972599477245915,22942679,510603338.79666966,-0.028318014641375174,13.244494705959905,32,1,0.03070720151869428
990001,2022-03-18,23.09184419873918,24.995924165905407,22.674916367197426,24.62680501345645,7726662,199117202.58508983,0.06678877304777095,12.93616848262361,32,1,0.002494213005612719
990001,2022-03-21,24.218821440054384,24.426150753755216,23.948238635413148,24.120255120564696,11042764,263858653.81768337,-0.017052217984751115,21.262777986287055,32,1,0.09749744791445554
990001,2022-03-22,24.07223393300335,26.24228478223661,23.697532698861814,25.828431847529245,28397489,661137865.0448233,0.0717057862620349,96.65801535600002,32,1,-0.013644230780717387
990001,2022-03-23,25.682196620901568,26.269806391921577,25.49507485072702,26.03428214482379,15668956,414412164.3658691,0.0054957564540258665,41.139831358570596,32,1,-0.05786083409221058
990001,2022-03-24,25.72440528816665,27.026804123199245,25.100297823681732,26.5243889668474,19925114,526795874.57063746,0.019209570182442223,26.62284112289137,32,1,-0.009094855672821393
990001,2022-03-25,26.490487074804633,26.686005616737162,26.14363517736877,26.32512615083243,8126884,257164743.92114288,-0.005936112959228848,24.661486585474083,32,1,-0.000587234686887133
990002,2022-01-03,13.496116442760295,13.59815718513174,13.34945644397405,13.434609760013636,68187150,822767503.8798599,0.005423318773783462,673.1159138094354,4,1,0.0060120065377123584
990002,2022-01-04,13.425624072896671,13.49637223609901,13.331781968745233,13.431801750712273,99531710,1255431334.7616706,0.0006613170579621389,1063.7370640221752,4,1,0.014240724543371245
990002,2022-01-05,13.38632812351703,13.583084518897156,12.946845890132911,13.159361220586037,84199527,1054670806.5641371,-0.017098360381650083,900.1356064193465,4,1,-0.016277174362499373
990002,2022-01-06,13.01300528477281,13.145478382436366,12.056816664670079,12.134853518408548,107824916,1322548965.2362132,-0.07991264249351412,847.6850511639757,4,1,0.0027414021664718792
990002,2022-01-07,12.132938935273689,12.256163719802814,12.115983330607538,12.242623282333014,72045014,862037033.0201515,0.006967281850234906,1184.5842591037426,4,1,-0.028010136479336565
990002,2022-01-10,12.157049977118369,12.444536533670744,11.942252902606887,12.293509521848849,85042001,980942274.5850147,0.002044309199311929,1330.6273983707317,4,1,-0.006631924241273881
990002,2022-01-11,12.351881294183697,12.63143492577961,12.14834943722619,12.463966987286028,78448831,1041033851.8896446,0.017399453136990328,1157.2550511116594,4,1,0.015956555664372526
990002,2022-01-12,12.396005032302421,12.692621538101962,12.253315481435699,12.53879355631642,46518479,591661792.2723417,0.0067315416345248204,1140.3686789705553,4,1,-0.01652034190995771
990002,2022-01-13,12.611985653466371,12.660956698867219,12.146547594279522,12.242157940019386,128680436,1465389983.755397,-0.023617626323475686,740.8621170512079,4,1,-0.0037948392329827238
990002,2022-01-14,12.163895026861281,12.22653698889261,12.112353259770929,12.159643752747687,234052331,2994826980.003888,-0.00819356510495943,929.9575080671276,4,1,-0.01999738504526154
990002,2022-01-17,12.30723778630407,12.34118728355043,12.127652320296884,12.173092671137166,88832467,956237424.9735357,0.005797645225957337,1266.9295885954546,4,1,0.003223564867138349
990002,2022-01-18,12.079694158765967,12.456690993967468,11.958267164247268,12.322190571022478,127568931,1328253099.2326963,0.009384872331872546,811.6666219893123,4,1,0.03339415841634142
990002,2022-01-19,12.301009992593622,12.367395690023233,12.206301260853692,12.236182945034095,85618467,1015167510.9928437,-0.0075360705117716404,1165.822447295849,4,1,-0.022268154385400293
990002,2022-01-20,12.296310696460695,12.520563523173786,12.242777117960706,12.449567987206123,32461758,410639497.5937615,0.01645227947115441,848.8976693519647,4,1,-0.007168305829363652
990002,2022-01-21,12.64662651340161,12.9586381289022,12.23931716037501,12.592623871382182,67041970,990947017.0175682,0.012356104332932601,1292.6220165017999,4,1,0.009774600463721075
990002,2022-01-24,12.411093626023431,13.161978432343268,12.411093626023431,13.118801797568928,207482331,2754299037.409998,0.042161534103704865,850.3278355147654,4,1,0.017348588135926196
990002,2022-01-25,12.98445039732723,13.554339063791325,12.771932834439639,13.36592953829052,266290320,3650621409.390112,0.019358632887498003,1254.9426650929222,4,1,0.006281007668151861
990002,2022-01-26,13.458655818794833,13.535474979738536,13.100783111959524,13.20941684849513,96007927,1378317232.9314008,-0.0128531041206064,1254.3420322470458,4,1,0.013411507559620324
990002,2022-01-27,13.385673064589938,13.717896352777004,13.250093941852601,13.576389069666638,71741041,872029809.7422249,0.026850582148075394,1058.2653880662629,4,1,-0.015013584527761716
990002,2022-01-28,13.63704284308183,13.742788481870281,13.08609334967609,13.154137529092987,135953519,1846497652.1801004,-0.03082587978490014,1008.2056808411974,4,1,0.002204356839254203
990002,2022-01-31,13.207445608144592,13.499936469513004,13.00700610293892,13.282931610598542,68702205,992456752.2190294,0.008566359253077811,785.326698365749,4,1,-0.00506880620774654
990002,2022-02-01,13.093628562187083,13.200015088600587,12.944633305407748,13.060502552751506,123006116,1367026892.4231174,-0.013962857877903386,766.5719463438011,4,1,-0.016470173041450785
990002,2022-02-02,13.133656016257136,13.396103402818268,12.81093955200979,13.099908575842788,94989972,1196863638.2495298,0.0009400781771927146,1715.1789313840661,4,1,-0.0029762481849632807
990002,2022-02-03,13.155266891111053,13.71206615652256,12.866324263673306,13.341424103230471,69597338,874939234.0728985,0.02281373292497253,864.3735976602173,4,1,-0.01388286852535045
990002,2022-02-04,13.440485824197669,13.627850915961453,13.262375754342788,13.575063751481524,128676519,1757563963.5024617,0.015072101863977882,671.5050284087656,4,1,-0.018314494175337315
990002,2022-02-07,13.604119472902486,13.706024181443157,13.508788435564611,13.616730441881746,102837204,1303409677.7318523,-0.00044595574188862496,1122.365922368219,4,1,0.0020479308431901226
990002,2022-02-08,13.67287202588644,13.712003946100568,13.596696942088018,13.682459798190715,244898510,2642150943.5548334,0.009490034267652733,928.9961729874856,4,1,0.030903763199561684
990002,2022-02-09,13.361396460339401,13.530283604648647,13.252073988836848,13.428567534552586,165312861,2014155655.5593,-0.021684709010558717,1071.7132092801432,4,1,-0.022574312868131614
990002,2022-02-10,13.09596922051094,13.624441544156994,12.88698124060494,13.300797843134761,103240345,1553499460.8162477,-0.006862192641518596,1042.673192710728,4,1,-0.02075903899542233
990002,2022-02-11,13.191035900453937,13.76785604150345,12.877113718987923,13.450994403931505,56429460,755063170.4354448,0.009753883720210419,790.3499726530943,4,1,0.003324178590119964
990002,2022-02-14,13.429979345359929,13.777500609948632,13.359678511604569,13.581812567525423,58928045,815010948.6829613,0.01310909026696327,652.7327593695269,4,1,-0.02719583992290867
990002,2022-02-15,13.537107684357942,13.81554330666099,13.247869071841356,13.516147485217461,156546234,2209204616.948155,-0.011394658428308014,1032.9544453747178,4,1,-0.01390332015626652
990002,2022-02-16,13.296889543801104,13.745539742184008,13.12973851193359,13.648755916600097,141203833,2110498319.5298712,0.01031615169967947,1375.3705512524027,4,1,0.007493001637918017
990002,2022-02-17,13.856530559765059,13.931268756679636,13.378574888755248,13.541913736702165,65196012,771941522.4349142,-0.0033915229651692892,957.5623161878833,4,1,-0.011497291214758228
990002,2022-02-18,13.555050703951798,13.68013704520468,13.309302630519674,13.409651178057235,90967995,1310447855.0989726,-0.009166626478714088,1102.1045421292204,4,1,-0.0014761108154452921
990002,2022-02-21,13.477277412524005,13.7628148974941,13.25491522632345,13.469983702103752,70884038,940326916.0676116,0.005693092756696716,1245.8593193264535,4,1,0.026204494559125123
990002,2022-02-22,13.681338613792967,13.7799134358096,13.60738127951122,13.771900982063945,61337372,849641578.9548706,0.01863930796106624,911.0538354042511,4,1,0.009054255787035273
990002,2022-02-23,14.041840193934037,14.187746688706483,13.368385842579631,13.454816823340446,44478657,664799850.2404718,-0.02298931184688963,872.0120725627037,4,1,-0.024407994872820832
990002,2022-02-24,13.395826933486882,13.811961703249205,13.30854022826797,13.670069719072206,99171316,1295351614.6421285,0.015236061078940377,915.5210929448455,4,1,-0.011026928253755619
990002,2022-02-25,13.694256095042203,14.020608095210868,13.47565839416258,13.837172238353855,97697481,1373798702.0635161,0.01249669591270261,1278.0808599510867,4,1,0.02801135430857062
990002,2022-02-28,13.64274414004043,14.061869882409564,13.446678179935523,13.831535591495442,85975295,1153418420.2657962,0.002446881254015978,1171.8077230151496,4,1,-0.0025951158140065577
990002,2022-03-01,13.86916707704639,14.248029276175762,13.574292443871553,14.000677303015088,57307074,787244555.048291,0.008060927217456968,1110.155046939609,4,1,-0.02319881022282285
990002,2022-03-02,13.84672399354618,14.133713028347325,13.562409151323202,14.01190308557381,109983281,1533847501.9088376,-0.0001803919295001266,780.902848071208,4,1,0.007371681053348335
990002,2022-03-03,13.934087015733144,14.063611088877353,13.343014843087536,13.51002787992377,71108939,1102125384.8105307,-0.03219286171961727,1618.9228440666961,4,1,0.0077251947209816445
990002,2022-03-04,13.630238621961048,13.712544239919872,13.465312066439338,13.517386302182805,137716325,1746018972.8887618,0.0011023777193403697,1061.4644654845933,4,1,0.02977543835412627
990002,2022-03-07,13.566219667377494,13.893274898759346,13.378064645157663,13.685974524502868,114349163,1438002471.5077739,0.011727549487497506,986.8880852534209,4,1,0.006478948647578939
990002,2022-03-08,13.852039915925976,13.97251348023626,13.665092870187513,13.80766688006534,83892125,1097760422.9162378,0.00923294310677298,1222.289215792108,4,1,0.01299824708969025
990002,2022-03-09,13.882551869525475,14.007634260631793,13.678691674424508,13.860938041576677,140278044,1951892785.5488684,0.0013242428031898373,1222.30349352556,4,1,0.02099655116691423
990002,2022-03-10,14.020611973972692,14.031660545406863,13.831264742048027,13.84130304647771,69409477,985609297.1236029,-0.0014817467054327035,1019.9397978935651,4,1,-0.02735574375853887
990002,2022-03-11,13.687622576754224,14.335916450132112,13.45060380998553,14.12090632505542,68684148,1073187731.0289154,0.02078240052403137,1219.990385622216,4,1,-0.0029611381791197836
990002,2022-03-14,14.249254009994853,14.349889557717955,14.031334017126643,14.113421000771117,100284028,1416559321.4812553,0.0013332412060052417,1644.0053487361615,4,1,-0.004964163056880532
990002,2022-03-15,14.04920888858183,14.276925214615263,13.839238667796838,14.12607203490547,145623806,1818107206.8540304,0.00017885760258136627,1199.02565087139,4,1,-0.0025763410258347035
990002,2022-03-16,14.107359715222104,14.71884110579889,13.73646765849046,14.389337056547708,94402697,1265381749.2993832,0.016661811735549082,995.8126633130178,4,1,-0.004040965749470987
990002,2022-03-17,14.295412559689566,14.750103707314862,14.064139005136305,14.49603151685149,100437035,1445073246.6008627,0.008204220108161292,820.8431034927552,4,1,-0.008356028120568385
990002,2022-03-18,14.762025579707853,14.863815072650453,14.358417697441281,14.484570770319111,103016084,1539273114.0329344,3.737255093147373e-05,818.2723070299838,4,1,0.014307083597240054
990002,2022-03-21,14.427181399016732,14.813181525206954,13.92827434467145,14.482287833940584,87299425,1304596479.9962587,-0.0004283010728126445,872.8319305727483,4,1,-0.009058198939143308
990002,2022-03-22,14.56209741449164,14.812413351706812,13.708335098775574,13.977219222587976,113217665,1439693866.1702423,-0.03641074378681425,908.8915586332824,4,1,0.021290216911738692
990002,2022-03-23,14.021266404050635,14.057551646889284,13.60254054294612,13.696415335295821,107685317,1384839355.0689096,-0.01711874957344552,786.1755879037034,4,1,-0.017215323709565484
990002,2022-03-24,13.725113903492103,13.816190532748632,13.521947846190841,13.594937655570511,47289266,724642865.4014974,-0.00611117774273479,979.5309617297484,4,1,-0.011298070287075511
990002,2022-03-25,13.535987198246723,13.769299636500554,13.281415955144276,13.509231370972103,168991230,2381134884.4712095,-0.007642087281241864,1012.3251364997171,4,1,-0.03810333693373621
990003,2022-01-03,15.912927268379397,16.16177941264788,15.565187956986248,15.807786980693974,21351679,348616011.8936547,-0.00584353253904261,736.2957175010121,4,1,0.018353626554081615
990003,2022-01-04,16.055312394028878,16.27765184602657,15.641977226872447,15.729337572152545,65799774,1026739047.09915,-0.0021936624576905676,1172.291831005249,4,1,0.0276410630503355
990003,2022-01-05,15.859316864799899,16.100238443792524,15.688266433293357,15.856413223990502,122144953,2026898992.5589573,0.011153643755425175,542.5693166287124,4,1,0.02617739220372806
990003,2022-01-06,15.931385054404128,16.17834806628069,15.002600492989997,15.330042776942467,82041708,1215040373.7177584,-0.03833983039492968,831.8451679723627,4,1,-0.01631711951711273
990003,2022-01-07,15.429429858594219,15.537539829346462,15.18740037914264,15.330261768904181,43916658,738996189.878415,-0.0009520517230293423,1273.3218761587245,4,1,0.03525443320022988
990003,2022-01-10,15.376628967045635,15.590014056577449,15.06677494050899,15.309787988911191,134622235,2181207969.933335,0.0006007770385416849,1887.2925660992257,4,1,-0.005828412322896345
990003,2022-01-11,15.568183378878945,15.77412678196211,15.37873022811495,15.465077304188842,211011324,3151832659.4005423,0.01088641008087125,940.5383829645314,4,1,-0.01802796650924967
990003,2022-01-12,15.40871374257528,15.552259338998143,15.246351348905499,15.327997818710998,80717997,1275298981.1684546,-0.010032361976155474,1619.600136729081,4,1,-0.0014272445622763028
990003,2022-01-13,15.381846218988105,15.64408584248387,15.096067867729118,15.322457191212235,145633178,2319384877.8365774,-0.001525276474885454,2057.2646925875565,4,1,0.04163899771511217
990003,2022-01-14,15.475826551341767,15.852963822347757,15.114740805348665,15.536623270264725,279292759,4280814304.8326015,0.011895451282043558,823.4856847712973,4,1,-0.017159884036502367
990003,2022-01-17,15.570205992980966,15.781670330050725,14.809650105242156,14.984171212834111,71633042,1110097399.8150423,-0.034444233944274205,1584.712702235362,4,1,0.018053844359829686
990003,2022-01-18,14.955651737212182,15.259425499617821,14.712427572094533,15.09953418819848,59190022,927871451.5832211,0.008259882286746309,1771.6243981817825,4,1,-0.009307426744650519
990003,2022-01-19,15.273683028036032,15.57150624590471,14.70266678999295,14.93545836983727,325336748,4517020572.498553,-0.007990899493675006,745.99561073533,4,1,0.05149586155681991
990003,2022-01-20,14.641327658309606,15.06399367152277,14.580853385146954,14.935048657400493,259967307,3686669505.7568374,-0.0004202738203603803,1216.8554060682,4,1,-0.03630265156284143
990003,2022-01-21,14.957913942821296,15.180983172099694,14.796404939590238,14.916907492387411,147312264,2117198375.8471715,0.0025821332143611676,323.2417505075587,4,1,-0.034753460979968245
990003,2022-01-24,15.036989156039928,15.358301989309759,14.882311770853521,15.187828008496929,37506456,534484401.0707131,0.013392158150836468,303.03093711011576,4,1,-0.03786385485765425
990003,2022-01-25,15.068978815952836,15.35607528235495,14.92969000846405,15.277704657430641,406520211,7048386190.526298,0.005166968716738556,442.5597667142912,4,1,-0.00786278662238821
990003,2022-01-26,15.355524139214593,15.686710337718852,14.94278660079105,15.330633715735486,111491846,1810552887.4377916,0.00040171347112918476,958.1868883725506,4,1,0.00617783993201809
990003,2022-01-27,15.253041285574735,15.558208998186906,15.123594316219043,15.3298020036571,155558985,2494402351.1150203,0.009384367349167609,1163.9504526439337,4,1,-0.0354284642191163
990003,2022-01-28,15.35437758177863,15.367205649083166,15.130862608289297,15.269781524675532,96726123,1729563397.4844189,-0.00909860561499943,326.1513392754323,4,1,-0.05197992309822845
990003,2022-01-31,15.195164471053035,15.862936158651928,15.050529751541669,15.652189525523914,80232734,1388589851.2003722,0.02725328492281956,724.2013029410533,4,1,-0.015326246337586232
990003,2022-02-01,16.048135874841748,16.055523202966338,15.443325995521095,15.555035356486117,44156771,700052085.2140603,-0.008770714249486184,751.814371157778,4,1,0.024703273993932236
990003,2022-02-02,15.612754721360805,15.974832483649084,15.424007324692269,15.802835734169713,51549917,867513533.1875321,0.017160701738663433,427.691333948195,4,1,-0.04892320171263815
990003,2022-02-03,15.51605015475196,16.177804721322058,15.465696211532375,16.163595676775362,59257347,938072420.6932349,0.016681510184729194,687.4237300050831,4,1,-0.0247494301024871
990003,2022-02-04,16.206750434752117,16.393790128311526,15.941277469408975,16.17863307636138,56108844,1047566390.6352074,0.0027855970696957924,1365.050180620497,4,1,0.020342347682180243
990003,2022-02-07,16.15574836400579,16.242750694298568,15.91308718211404,15.978645210642519,43719428,739639518.1956369,-0.010084999639883567,814.6388025192745,4,1,-0.00827886472892885
990003,2022-02-08,15.906716020466254,15.906716020466254,15.406180624405957,15.406180624405957,85487307,1239361695.2836213,-0.035668647936718506,1348.9349430082327,4,1,-0.0013377586939144627
990003,2022-02-09,15.365812812111612,15.746396786883196,15.094224467232394,15.407434662851044,174344901,2538788450.7538276,0.004992540120682713,1239.6954013120585,4,1,-0.0359323028898782
990003,2022-02-10,15.319657683496445,15.95478074073152,15.09162901824411,15.678462412987061,84843968,1385693247.9568655,0.012809196352069794,1093.440748795583,4,1,0.004017375155818589
990003,2022-02-11,15.746924234325416,16.533781894041347,15.634750672679118,16.399252632210196,106160539,1693634138.2934964,0.04690133904765218,767.7088485269884,4,1,0.0044217150148066365
990003,2022-02-14,16.310363413168382,17.226495546896167,16.059855331585872,16.924788823420357,311075206,4874492239.171858,0.029721646160099924,960.7186471151348,4,1,0.0173962747295632
990003,2022-02-15,16.84886295431593,17.132729061467327,16.60068957916407,16.91921897621017,22012239,325589744.6587451,0.0025515981868941494,480.11343486561697,4,1,0.0170541217839531
990003,2022-02-16,16.778910936419756,17.30670624962381,16.61575651927762,17.109402188306007,117733898,2018318435.387529,0.011992010757414986,1544.516191802334,4,1,-0.005430337563345236
990003,2022-02-17,17.42417678587878,18.489047557059376,17.16370583189605,18.31264763704478,170399625,3377140126.521086,0.0655503892919476,2061.2167784721746,4,1,0.012512372914135272
990003,2022-02-18,17.834505446896163,18.542878616953924,17.64996739813757,18.32949551441632,108820373,1969291646.5895863,0.0045488839448107376,433.429377461679,4,1,-0.03297392898680901
990003,2022-02-21,18.25280202271735,18.673635052259836,18.15845384143584,18.4760860488102,29982367,517371428.9508859,0.006185238419425052,455.524788197632,4,1,-0.013867722873265287
990003,2022-02-22,17.896742918046858,18.471056743764766,17.389841544614434,17.998598590394636,65161836,1079637906.6804924,-0.026575573914988077,800.9366255497501,4,1,0.013923561649450335
990003,2022-02-23,17.99323007870327,18.23292668303482,17.71531948839485,17.98129733889124,119377657,2143547642.0698633,-0.0036611824797999045,418.8374214661887,4,1,-0.046803850345441315
990003,2022-02-24,17.72391135204293,18.03480096935222,17.545850556772262,17.974743974668044,77084158,1323098890.0754461,0.0034477912708205513,1084.4904891131312,4,1,-0.03282013364765841
990003,2022-02-25,18.067240692325765,18.44645706718658,17.78552845941499,18.174828310645783,133994342,2271221992.227271,0.010648571850090816,428.62564915169116,4,1,-0.01916060265317179
990003,2022-02-28,18.045653611655325,18.795986409101083,17.738987789027224,18.593208043024834,74409533,1340919248.4670568,0.021684674635821435,2328.891746526,4,1,0.009918711675851975
990003,2022-03-01,18.914622711713783,18.948252652712178,18.305393583044975,18.43692211631068,55618073,1113856191.5564222,-0.008959820275303867,2201.4863482059127,4,1,0.006948693272062892
990003,2022-03-02,18.698408076897497,18.881107837656423,18.493630105395763,18.554438611843675,62422712,1194145986.0333133,0.01066973823186286,1167.4187934720671,4,1,-0.028796426371971492
990003,2022-03-03,18.41949350471183,19.16493227010829,18.349800788895475,19.06115896203178,48259968,978207860.1156017,0.025110730296334212,632.7494683652928,4,1,0.00042133549578893
990003,2022-03-04,19.35531166693997,19.724927831786456,18.339261650418088,18.768843463013972,106417691,1801276017.275635,-0.017820927419890435,1508.3356425210432,4,1,0.026613622306730526
990003,2022-03-07,18.870646733386465,19.11494733951345,17.961723522586492,18.128920382926168,155537957,2858479676.1840134,-0.028479164930084774,659.8438272705886,4,1,0.027218657492429525
990003,2022-03-08,18.203210485146677,18.404147937997177,18.10600483575109,18.28237490012325,85570611,1593389002.596914,0.0042654743890813375,503.435866167731,4,1,-0.04565673880857908
990003,2022-03-09,18.08887516788763,18.249421268451417,17.812560134684855,17.88105235613504,127225537,2350147022.9335074,-0.014118523995570535,295.8580737915846,4,1,-0.013665479533029027
990003,2022-03-10,17.96818160554915,18.638596312343235,17.56805772670946,18.257894348809124,78420629,1356690957.208883,0.014311137532136585,518.5001212896174,4,1,0.019917344338335953
990003,2022-03-11,18.341670822117745,18.531987377477684,17.988416085053334,18.234928975122543,109380227,1903508496.8664858,-0.000315242975811127,1788.1433366291317,4,1,0.024537927957532825
990003,2022-03-14,18.47643342818403,18.721008247721983,17.973213009994048,18.187059224336025,113827755,2027037728.2948196,-0.004730232936545429,1720.986001245272,4,1,-0.012050663771628563
990003,2022-03-15,17.96346359531129,18.183374375502616,17.738843250107223,17.988309752338335,34392618,689742663.6152139,-0.010396892729131997,1106.3163811043692,4,1,-0.010589090265131027
990003,2022-03-16,18.054617294508947,18.77810090528545,17.93571355753556,18.65267166019634,193329748,3421821509.568427,0.03763367010100013,801.9762670179402,4,1,0.016350397170592272
990003,2022-03-17,18.4109050197852,18.65889926387055,17.420259023752575,17.733065379160127,230243975,4062771389.79673,-0.05122423137104329,380.93140925333756,4,1,0.035331144826133115
990003,2022-03-18,17.83435159058049,17.903265784461436,17.495131748649445,17.53594802987184,64199093,1193090624.948898,-0.00808224630588212,595.0801530356251,4,1,-0.014143110067553345
990003,2022-03-21,17.63071373089632,17.925183237475363,16.5737454081448,16.744816288000273,62590035,1217203457.9191425,-0.04422642550005034,626.2742869390759,4,1,-0.0383184154401916
990003,2022-03-22,16.80464521367838,17.226449396130803,16.07636051176061,16.35402231119936,78864556,1217554240.9066231,-0.022134719892108766,738.9414064619338,4,1,-0.01191074046241045
990003,2022-03-23,16.412241628398423,16.682008230841078,16.194925252874715,16.35947062370756,43304100,837616113.3231525,-0.0032274091697610053,503.4811645907827,4,1,0.015280896227567512
990003,2022-03-24,16.268932280846727,16.558474856779082,15.949503111497853,16.376146250045096,54835800,923305323.319272,-0.003114588487481998,1166.7963309956401,4,1,-0.059780007166749964
990003,2022-03-25,16.443840695069643,16.59140745748992,16.0576363989902,16.196845078246323,78122995,1248550977.062069,-0.007967307595502116,565.245783918674,4,1,-0.0265673099107433
990004,2022-01-03,37.03932902014639,37.304777280399676,36.687343485943366,36.813116248754014,59190532,2147861821.544522,0.0006029825267856083,464.79607019276716,4,1,-0.006972507288848844
990004,2022-01-04,37.39719973501451,37.8391189790528,36.681267620786144,37.22555193245462,103169507,3906767911.2364445,0.004644515180687133,490.6111728334412,4,1,0.042308049157095504
990004,2022-01-05,37.00437742625806,37.375630349656035,36.74268840848157,36.89908882529963,71141533,2570187254.0294333,-0.006162476370585395,390.51783746735885,4,1,0.02478738084487338
990004,2022-01-06,36.91369130569261,37.472427878605444,36.29872360550508,36.65721344879785,41312648,1592793155.7375755,-0.002757456538587754,555.4992881738644,4,1,-0.01583014795674564
990004,2022-01-07,36.909632329852876,37.422639277565985,36.03248961034771,36.41418042524225,35528834,1112074269.3290722,-0.009281064808928055,444.4540901088821,4,1,0.044406535829777286
990004,2022-01-10,36.42062027709972,37.17444105766232,34.993954818321924,35.80643159164469,76631213,2921886773.051168,-0.0179764207391618,432.659932067854,4,1,-0.019078740737241327
990004,2022-01-11,36.04038879309501,36.65775214069686,34.75895627044681,35.53061716419855,47885141,1613893033.2731602,-0.008802590973142526,703.3287153671369,4,1,0.011885209624356324
990004,2022-01-12,35.64854804396174,36.15181963138326,35.195110560494335,35.84679752665326,45893355,1693011887.2669692,0.009980599517255457,437.6895918798243,4,1,-0.002799932162542241
990004,2022-01-13,35.739316241036455,35.910491870343904,34.82763273987267,34.88609746864155,106130466,3475841676.383711,-0.025233017438257285,523.2651590131483,4,1,-0.01489652449097224
990004,2022-01-14,35.243675559681556,36.175086651736045,33.43076826980325,34.45100723504018,26275716,763482856.7072915,-0.016678817546190442,715.4726266792829,4,1,-0.008364231928314111
990004,2022-01-17,35.103857389156325,35.75287367393621,33.65511392960892,34.33025479168649,97065099,3843028411.2178335,0.0006562358547045137,556.781449225641,4,1,-0.006151701461147907
990004,2022-01-18,34.18712693021164,35.83866685137056,33.8479488764194,35.337079061211305,47469969,1620980749.2781024,0.03273099137036651,394.3948126131421,4,1,-0.025610288383396795
990004,2022-01-19,35.388935052457256,36.260310881898185,34.92360006262854,35.86604645335636,386891394,16173461892.15148,0.012663226696259652,339.0566479590267,4,1,-0.013191025760620529
990004,2022-01-20,35.766433884891825,36.45060385845528,35.480624829034966,36.32179796022549,159593537,6085209952.118239,0.009413586685469197,332.2527760123949,4,1,0.03667115264766236
990004,2022-01-21,35.51013485492491,35.972302369843376,34.08004025592336,34.43335303725792,140822855,4150031275.951653,-0.0504255400072364,505.456957938131,4,1,-0.01842240358589687
990004,2022-01-24,34.66599202345443,34.8454404918934,34.42018850791897,34.67603382997272,70102267,2428770784.938956,0.007815644912458371,506.3186363596789,4,1,0.0027734952441871366
990004,2022-01-25,34.392545151187655,35.070651736941066,34.1615701726489,34.87552165275724,37916622,1280202230.501736,0.006811265127738916,430.02928039568377,4,1,0.025084420567809483
990004,2022-01-26,34.78347369971281,34.845651173873435,34.54688347205961,34.57355039868635,63582793,2068366346.5188015,-0.010445759330570976,483.54398617457974,4,1,-0.00977249702875763
990004,2022-01-27,34.071085790028036,34.67299436916417,33.22964123009744,33.80951872727623,83000874,2855085852.430432,-0.02119914734709576,450.48400945153537,4,1,0.021106270654215855
990004,2022-01-28,33.21879544645496,36.62150133613547,32.72447024697884,35.90806599766614,136923643,4889882638.375457,0.06412386907775683,455.8436220333739,4,1,0.022946384902906146
990004,2022-01-31,35.3970414434364,37.17233095618981,34.65619817080762,36.26336576262017,76706598,2657615352.728429,0.008847352684997775,609.3930951755538,4,1,-0.007310931494148651
990004,2022-02-01,36.272697060112165,37.06872876221585,35.9234441730477,36.658167752799116,52955585,1989655395.4870117,0.009468969453017803,412.5036282599215,4,1,0.02760366937596425
990004,2022-02-02,37.52956480572144,37.75593043992587,36.67702818125378,36.81660767276168,46804001,1939183060.1282358,0.0021578410828855784,378.5881812740668,4,1,0.025982832194622107
990004,2022-02-03,36.72497695732674,37.624955919920666,35.57412503325592,36.36209781720118,72718116,2808127366.4761996,-0.012001442700780556,491.4018877761356,4,1,0.015392061469698931
990004,2022-02-04,36.18964790155993,37.056168818136506,35.43415179961485,36.41154113695073,33614003,1313408925.8712397,0.0016696739020892167,686.4652856737845,4,1,0.024296776132404455
990004,2022-02-07,36.25251782462484,36.28191957051058,36.07900451526811,36.18905089052238,58846045,2416723399.698835,-0.005438085886845036,395.6175337913363,4,1,-0.005990449883159148
990004,2022-02-08,36.384045709273536,36.384045709273536,35.27477948657051,35.31172058196715,182372175,6478454417.035129,-0.022977795627285566,448.59135322472076,4,1,0.02660897187658819
990004,2022-02-09,35.0918623711332,35.217069780732814,35.0918623711332,35.20450709431387,54121356,1678971782.1451695,-0.005316440120916974,426.22727933274064,4,1,0.050097507742702475
990004,2022-02-10,35.369437879974136,36.275496590999616,35.086956205018936,35.97536383037647,98969125,4182339512.309706,0.02518543815639761,504.6920201009835,4,1,-0.009335139258897762
990004,2022-02-11,36.437445491564674,36.51813231547325,35.72751876407934,35.88942751759352,43036460,1741643545.2040803,-0.0016202993258333852,452.65316277817413,4,1,0.01728135165447678
990004,2022-02-14,36.19922416139815,36.94686031657638,35.098823407090464,35.71111305420401,297372629,10529051447.645435,-0.006477244059586237,495.8630008498922,4,1,0.0056064058578708525
990004,2022-02-15,36.03618758711197,36.459571168998956,35.02278956584526,35.40454077021655,56507808,1700235538.8790903,-0.011429294974204599,394.73248514917947,4,1,-0.03957055844225872
990004,2022-02-16,34.73978559860515,35.933514736037935,34.45849628847268,35.66350136343288,60998964,2225505584.17226,0.011442612035598237,450.73051334994506,4,1,0.03899756742282212
990004,2022-02-17,35.635798444297016,36.4173491709976,34.81317344819286,35.76792244386252,45526028,1712309922.297676,0.002321473770482189,336.182767600796,4,1,-0.02487256576600944
990004,2022-02-18,36.09812217918278,36.47431359448913,35.57972901271876,35.95141734241239,26586363,852716423.1487249,0.0012463721376348845,310.6059958215065,4,1,0.05780221488070754
990004,2022-02-21,35.62098910395092,37.09621715690987,35.17773203047325,36.47262829044666,277827916,9612520503.690529,0.016392841695057097,431.0035933757165,4,1,-0.0476383484844089
990004,2022-02-22,35.951939720732554,36.4771962842087,35.77788630206166,36.288518028224786,25813401,962042352.1374559,-0.005635702537013407,484.85103389336365,4,1,0.002449636645132965
990004,2022-02-23,36.077116115982136,36.74085739846599,35.77769769293957,36.3199709006523,206871241,8478697114.702523,0.002704275159341054,401.23769002010965,4,1,0.035018013994015725
990004,2022-02-24,36.108122218031,36.2525002825868,35.711181917780166,35.77635469457928,48824299,1884934086.121274,-0.019084257392970795,590.4713779806646,4,1,0.012603009762468457
990004,2022-02-25,35.930748697325406,36.30600058364905,35.35569053274592,35.70591527576574,64767013,2348314873.7994623,0.0009503262931166735,443.33446048622295,4,1,0.00028216391142559633
990004,2022-02-28,35.84202607247081,36.43683304111255,35.042661126075025,35.6818736925818,202388812,6921366116.016343,-0.0020140256470812194,420.35199214121843,4,1,0.020638424143594666
990004,2022-03-01,35.66015585532122,36.18250004489511,35.11318558651891,35.63831535408094,76513221,3159728060.2041197,0.001103779784458093,515.521029619946,4,1,0.01680149834490467
990004,2022-03-02,35.49738014863804,36.57433510987341,35.02753201221803,36.16239176597946,21663595,678327761.3058338,0.016103496518678647,483.1012835171273,4,1,-0.03537012528393177
990004,2022-03-03,36.472137729359304,37.60953606791634,35.854131263409805,36.95132948496199,77056624,2713530209.710617,0.020791879117886332,381.4777836188227,4,1,-0.07573460127848737
990004,2022-03-04,36.99432825117025,37.90679970740412,36.317351575131525,37.130062777900974,109410940,4010760095.2021546,0.0046097913052550515,370.561685276781,4,1,0.00990100014182795
990004,2022-03-07,36.97640817265568,37.587442678053854,36.89800796538567,37.3447824824867,36700880,1339743340.7461653,0.00477716701139534,806.9058724680006,4,1,-0.005245749333894931
990004,2022-03-08,37.383201924840705,38.79588612401878,36.70517983254059,37.83134696784678,37856341,1512214338.3059406,0.016731955856363064,573.4428719666222,4,1,-0.0045552967440770946
990004,2022-03-09,37.79666045884542,38.62957232277096,37.43281025286086,38.301950588733234,42725414,1565591812.7214115,0.011953333814906224,436.3579596818822,4,1,0.016745534170246334
990004,2022-03-10,38.897138679461335,38.897138679461335,37.6528465274185,37.84210771612107,28863196,1092777623.1023407,-0.017080867951511276,532.8167314416323,4,1,0.04027037683582661
990004,2022-03-11,38.13896987222368,38.540529210220676,37.28102413822298,37.530741944238166,33703186,1224413282.2586148,-0.0047849542957642864,487.5264402172433,4,1,0.02076810404680354
990004,2022-03-14,37.29159642645976,38.157057825814995,36.93434202071887,37.7955717983353,138722715,5343009605.338515,0.007598571477815266,659.5020595874573,4,1,-0.0320692135505176
990004,2022-03-15,38.29302376109653,38.64877978930809,37.09800741625584,37.409413519781765,45462602,1546567934.80285,-0.008272571256105254,484.0005257403759,4,1,0.00350814530193651
990004,2022-03-16,37.782773425230616,38.29262773108288,35.4678508221072,36.05835803958593,237630948,9386127592.542852,-0.041963432084377736,497.2733577367081,4,1,0.009870565172423813
990004,2022-03-17,36.10223474022379,36.552324402430685,35.50792622033564,36.159792015638715,78782874,2681694758.8072996,0.0046179220757509,671.2707656850538,4,1,-0.0016200850443178257
990004,2022-03-18,36.16043674504318,36.308476673304064,36.00608146854818,36.00608146854818,110062679,3733111551.0478225,-0.0029878574243770604,356.90030210707124,4,1,-0.02973629933314962
990004,2022-03-21,35.78741871009843,36.517644789258526,35.41362107419299,36.21360846249956,38618260,1377531741.6999593,0.005156965875953954,593.1249195379171,4,1,0.021942684075837562
990004,2022-03-22,36.11668871963067,36.32786601480163,35.024748919932314,35.3915875939866,33207624,1198043454.831382,-0.02697724739425961,343.57337989538087,4,1,-0.016250805778609698
990004,2022-03-23,34.75242239253338,36.63110042525265,34.34703964526917,36.080170163224096,30922066,1183943646.0684114,0.02372702239771019,572.7221932125719,4,1,-0.012145435749565815
990004,2022-03-24,36.16861289927626,36.706408980651936,34.17243219472709,34.534454920473955,46686648,1546218561.3849893,-0.03962630576800891,326.26482948751413,4,1,0.00970382373857578
990004,2022-03-25,34.83782055817786,35.48606816718846,34.05188142259347,34.66818046742532,147531591,5206454137.406544,0.0017089225178984182,433.7825588097339,4,1,0.021657428994446695
990005,2022-01-03,4.399564121032578,4.547913850869428,4.368734093481981,4.528118065513367,75632561,337831639.13818043,0.002202537875195271,15.947077968326887,4,1,0.007127259037649224
990005,2022-01-04,4.521839071073564,4.554781941304452,4.475763170597684,4.497294878597399,148982768,586546524.2503123,-0.00460992781158146,16.25714563290891,4,1,0.006028508980723522
990005,2022-01-05,4.538709912319134,4.577255209789508,4.384854530820556,4.424260289145649,340028521,1521510263.9107218,-0.012795760649449145,12.472230384207952,4,1,0.0242351291398659
990005,2022-01-06,4.373955150297552,4.460035617640462,4.310190275717055,4.391509889108135,571769911,2979282464.629075,-0.011374013784288288,16.499627307632785,4,1,0.007900962945148037
990005,2022-01-07,4.3282366550140665,4.566019186281346,4.275761343404912,4.498075882332363,296224643,1525366273.520215,0.025476660590822747,9.334539899945247,4,1,0.010983223113785898
990005,2022-01-10,4.500534982765176,4.600506352494024,4.3535355887122815,4.4690802459515755,60921493,290846898.35801655,-0.005565131538865805,13.488781101675148,4,1,-0.003138550282079547
990005,2022-01-11,4.527517729919232,4.578830656809107,4.49218775752273,4.545141049874951,287691767,1311431724.8177423,0.017518016201354375,9.56613448913513,4,1,-0.001595924084600104
990005,2022-01-12,4.537515941398803,4.609814922771176,4.525145969968002,4.608086062901231,164877325,754750311.6465656,0.011497056843104552,12.025179122310288,4,1,-0.01942758435402
990005,2022-01-13,4.5822149010364015,4.6739072700572875,4.542143346739083,4.637194789961825,219895031,1067089322.3787625,0.009546621290296863,12.015178234272454,4,1,-0.020663077908356937
990005,2022-01-14,4.609072530522104,4.8256177575291055,4.565901846702011,4.774629675275784,635138651,3376731605.3098226,0.02949899743864542,13.738332973366191,4,1,-0.003589249891937131
990005,2022-01-17,4.886776833254517,4.949006378401149,4.706286234764632,4.761804067648924,284388552,1366064822.7449744,-0.0029616730395353153,14.967820226067719,4,1,-0.013838125819571338
990005,2022-01-18,4.841020793597797,4.8969449999989845,4.751444005141085,4.812210418719037,185371337,936188368.3948048,0.010349797914863264,11.76925510940273,4,1,-0.008457654355128331
990005,2022-01-19,4.8033584951777035,4.987565822933537,4.7676430510913095,4.947593801653387,90973487,461179993.5918457,0.02668929320289972,13.647327300561932,4,1,0.004071832074090964
990005,2022-01-20,5.049101829253854,5.17302423283177,4.768829380787972,4.90173770671358,103134663,495793465.7148608,-0.009467672652450434,12.480623819677488,4,1,-0.00942410137734285
990005,2022-01-21,4.900467309875435,5.00355031942776,4.805753436303898,4.921678367849223,189965613,1038798601.9687266,0.0031512635995965027,14.020745812138223,4,1,0.015633602690982747
990005,2022-01-24,4.844287378347147,4.9677411973740915,4.779772414305619,4.938769580090119,313164128,1521143228.169221,0.0007795347896625521,12.801726320685159,4,1,0.0020941104273597758
990005,2022-01-25,4.866439496521433,5.038360397967106,4.83649152374049,4.993439892075085,239822761,1117194709.6464741,0.013892293757579019,12.586065719264932,4,1,0.020647718747529152
990005,2022-01-26,4.977642819416765,5.150861748244123,4.942918315667807,5.0990335113093,126241594,674947223.6647925,0.023485249804963096,19.935886472607805,4,1,-0.04812308451150527
990005,2022-01-27,5.011215450240531,5.2663139835374295,4.9278118795198464,5.169135224519006,397969851,1732335335.586759,0.012441916695854635,11.33670726480404,4,1,0.012482521291921128
990005,2022-01-28,5.080997261524084,5.19028063135038,5.021247928843743,5.126876145331775,122396509,632549884.680675,-0.007755541558396187,12.899645284057101,4,1,0.035181852229611836
990005,2022-01-31,5.118150211917217,5.133268041783857,5.0930015162572255,5.102604821493651,214887177,1102681414.8755624,-0.002227416262377188,9.498756860550122,4,1,-0.018484164963796144
990005,2022-02-01,5.140514196655267,5.221276131335411,5.0981554742275605,5.186410018298246,503347520,2802732932.080571,0.013177365319286349,12.162655615921187,4,1,-0.029656548781006684
990005,2022-02-02,5.167413179472015,5.200153645170552,5.122076812437109,5.154637482743653,138394771,595961625.5066979,-0.003141635420269958,8.714635504233012,4,1,0.006695177911339619
990005,2022-02-03,5.239914023260746,5.354574078392384,5.182297514878453,5.273667299796028,172331206,1067072850.9293641,0.020276221996249975,19.774460967417763,4,1,-0.013098454305837741
990005,2022-02-04,5.239463590513348,5.354365467799172,5.127315677535174,5.226110854690474,269941899,1646253602.8254576,-0.008029985905278252,15.911919922421355,4,1,0.011185451149055115
990005,2022-02-07,5.219399792282754,5.47520902063538,5.1132057820642896,5.339736160644082,60774263,336215667.43802595,0.024291543924900683,8.882577296495683,4,1,-0.046762973805218155
990005,2022-02-08,5.356942899198354,5.3997341644319565,5.24574961556813,5.297798065238733,237917269,1272276790.8854823,-0.012395146992271918,14.622538756194208,4,1,0.003816716439739593
990005,2022-02-09,5.219343309968035,5.342073869122141,5.16331755837754,5.282076628881514,248248584,1312188115.6895523,-0.0025109917776478196,14.946569787209638,4,1,-0.0035181563975141632
990005,2022-02-10,5.2808444235833285,5.373831889702407,5.274635931190264,5.326047275449982,77160796,423890507.7829007,0.007220075848995542,10.535195001427047,4,1,0.01764451013625372
990005,2022-02-11,5.298517611628516,5.380959452971058,5.057713826859635,5.125395177728696,268012422,1560033383.1146913,-0.034061554254707214,14.756613924448056,4,1,-0.01377368383828084
990005,2022-02-14,5.182025427182624,5.262893760359006,4.998139475754908,5.081224372020965,81400116,399186883.03984845,-0.00994449462518396,11.297249104339052,4,1,-0.024698847266948026
990005,2022-02-15,4.999578470113439,5.035180740725602,4.999578470113439,5.032826585443084,555287453,2855651419.267624,-0.010799334101923479,10.588617815664923,4,1,0.0064747273084886925
990005,2022-02-16,5.012199968415111,5.052919002560237,4.904312877684468,4.988903176817348,234801224,1218266195.201057,-0.012115472354454173,11.076666151197694,4,1,-0.00594910426265819
990005,2022-02-17,4.885975259240346,5.021109092052672,4.810569793886559,4.998392516104428,100472125,485113309.3359122,0.006309204393412385,17.772287396732498,4,1,-0.011542510339700437
990005,2022-02-18,4.9253475849107105,5.034859621144262,4.8958741397874075,5.001194396024615,68451619,332875833.62328273,0.001519378949090328,13.530561640585645,4,1,0.0011181045923243623
990005,2022-02-21,4.9959154802815124,5.059877367793851,4.957699241133669,5.01230618200021,740997718,3495009137.727136,0.002907574027160331,16.18307210129063,4,1,0.021875940688511765
990005,2022-02-22,4.965332584805598,5.103904768183858,4.772961201864952,4.928949068918589,245149026,1167482461.1428716,-0.020881135374732185,14.664475249106161,4,1,0.030039182241306243
990005,2022-02-23,4.943823645120768,5.106470953907021,4.890338234217711,5.047300619033016,612945891,3194048727.6815343,0.024428496457715308,11.59403555973556,4,1,0.018335240184816047
990005,2022-02-24,5.087074406718662,5.148687924840839,4.969878529151914,5.019080432163381,82580145,432615256.15277034,-0.002755963755970646,9.452519816160693,4,1,-0.007623626763655243
990005,2022-02-25,4.9776990083456525,5.090967936324625,4.951123086821833,5.0356157507664525,279406206,1428837607.0729096,0.0020946564837186757,11.082035074430394,4,1,0.021700393462543273
990005,2022-02-28,5.023887845542625,5.065879913962268,4.898279605704968,4.949092610097413,322026069,1526275126.8489408,-0.019623796098278967,12.127045126980303,4,1,0.020947668952832045
990005,2022-03-01,4.940943730272281,4.966211296774994,4.905592177199173,4.9403789661812025,185924828,1089440600.9972293,0.0002519789688244486,11.503642803872294,4,1,-0.020110092340176175
990005,2022-03-02,4.932615925627486,4.995930880007949,4.694173494649761,4.746243160992706,108397952,478516034.26930183,-0.036828919602801935,10.56909626858236,4,1,-0.021318247416374413
990005,2022-03-03,4.742240658899434,4.791383516270462,4.718421109392395,4.772858307564615,247872382,1050509663.4840243,0.004735543808021403,10.804591404351646,4,1,0.009699111560885994
990005,2022-03-04,4.855434189352659,4.939982440492185,4.815567938605317,4.869596731685225,190254224,937228614.8444036,0.019179397811996814,10.648346969233577,4,1,-0.017615869688130094
990005,2022-03-07,4.838294437439533,4.960170132021329,4.7733962869864,4.903605746130171,469880161,2363766621.154913,0.0036071224438634984,12.363697060358819,4,1,0.014399266439971031
990005,2022-03-08,4.930678628138481,4.995733570320706,4.80165786801491,4.8726365612337315,150396223,738720089.7514756,0.0007745588098321496,16.127726197745996,4,1,-0.049743393200969196
990005,2022-03-09,4.871610684427916,4.888150795401093,4.83793928188784,4.878211141203699,232933314,1108788506.3557417,-0.0030744748705075287,12.89224770122744,4,1,-0.027732457410446967
990005,2022-03-10,4.886944575385324,4.960352391883954,4.767372286033122,4.82627539689332,244452699,1173856017.3527186,-0.00978378464187579,12.782979143100775,4,1,-0.015188885393988499
990005,2022-03-11,4.8786855209376885,4.953942046392102,4.813218439959937,4.917610376998267,581992632,2956843290.083321,0.01500140427298953,11.674471194907047,4,1,0.016217135381402775
990005,2022-03-14,4.885157816765182,4.983057653819987,4.736409671706712,4.8170515845727415,343096143,1368849244.135705,-0.018026716364607228,13.745939472300583,4,1,-0.004003223460423123
990005,2022-03-15,4.866033526103699,5.022898007094348,4.840966636173661,4.998827462706119,349359410,1942425711.0007675,0.039480693973271724,14.206609422689864,4,1,0.015092971075524706
990005,2022-03-16,4.980939046512135,5.062258298235243,4.942437227103204,5.00752170468139,105115256,491938559.33686846,0.0016699115350262638,11.978155461810434,4,1,0.014444198264717625
990005,2022-03-17,5.020297522058636,5.081870099412189,4.9553497087728875,5.0120408023480545,778644868,4056066002.0077004,0.0010162144329177272,12.715305239183312,4,1,0.010968547439471675
990005,2022-03-18,5.004697139343955,5.110105532987815,4.9084051244795335,4.993557128317043,105334106,453676225.3711519,-0.004765749458393937,15.681547379471787,4,1,-0.02475041384774299
990005,2022-03-21,5.047221277756854,5.121844935209632,4.874073514243058,4.959469882268706,267869588,1246223358.8933592,-0.007255357901393728,13.238744071729444,4,1,0.011949027292896658
990005,2022-03-22,4.902158224303364,5.009343847337321,4.859539145517107,4.967857872030567,103396586,492979810.9852588,0.004913161608262687,12.657130492575025,4,1,0.0057511881102503114
990005,2022-03-23,4.94463834016747,5.040878254946849,4.9050613672221735,4.9788873860952165,416070861,2338175293.20855,0.001419925749298857,13.585790439061903,4,1,0.020325828482210758
990005,2022-03-24,4.950109404896553,5.03495126964272,4.6204009313620915,4.726745834900417,121513100,654997179.3618946,-0.052349098156993255,14.287848050112018,4,1,-0.014642315889700634
990005,2022-03-25,4.690427846483275,4.770694187883426,4.659256559751264,4.739239970737591,93669952,389499693.2956548,0.0029609364731026065,12.596686855360089,4,1,-0.01181185274059507
990006,2022-01-03,7.130297205551847,7.136817563235899,7.0472260938432125,7.06738919999931,17131855,99757008.60064372,-0.007204677334918657,350.19403470654316,4,1,-0.017496145073580098
990006,2022-01-04,7.181200224327482,7.287206665336479,6.864711089600018,6.991781067388249,64405129,549493575.1999068,-0.014904987619106396,345.4238063820812,4,1,0.007774670070367324
990006,2022-01-05,7.064201109495786,7.170796253886416,6.7061809361794165,6.775686396090612,278921354,2144656976.7991838,-0.029496403624822705,247.37834254318622,4,1,-0.013355063663095225
990006,2022-01-06,6.77399384224138,6.885501115589107,6.54503752928928,6.656014300180096,79726398,492479527.46028626,-0.018128119439350106,310.7829360488332,4,1,0.004889136634442951
990006,2022-01-07,6.741272501923987,6.776177881991851,6.471928162682953,6.489409860238669,54471686,332670676.7936047,-0.022183609582023377,438.1741981423511,4,1,-0.026842778300313945
990006,2022-01-10,6.49254341698409,6.989924354835701,6.368974914184213,6.848954042811418,89360053,583941654.5335009,0.04998533445528523,424.06794624080794,4,1,-0.01386398554326915
990006,2022-01-11,6.845481947520045,6.918971209059417,6.533846927523598,6.599042779143662,90283009,545161763.2798626,-0.03505615761781741,396.45890793539826,4,1,-0.033516630312417396
990006,2022-01-12,6.524915907360945,6.701033578220707,6.423860860533335,6.581864302352948,80199102,558073972.914008,-0.00014770578600926672,276.9747501680464,4,1,0.00322480969838561
990006,2022-01-13,6.602710049297209,6.6712137165499525,6.519419759532317,6.60819708503551,53497215,377155710.12993693,0.004302961474941743,535.9254075298122,4,1,0.051151901904193886
990006,2022-01-14,6.574007881317271,6.807420267787863,6.4708796750450235,6.656211351890001,20429121,133651693.22346225,0.008400973660249481,214.32829483507763,4,1,-0.011862566907171395
990006,2022-01-17,6.69383542582301,6.828311127962098,6.571973891411358,6.708017334488367,61498079,385142148.12093383,0.004932603951201004,493.290938443959,4,1,-0.029669406877863944
990006,2022-01-18,6.741525581244446,6.857859379210257,6.708311128584782,6.801015253174651,55370606,380704397.42730874,0.01415733961676449,318.60946538507545,4,1,0.013521309882439415
990006,2022-01-19,6.800359879421884,6.830450478324622,6.752261996108161,6.752261996108161,87695307,574517320.5912778,-0.004847812456824332,473.836880120813,4,1,-0.004707901221501519
990006,2022-01-20,6.766569159410127,6.945165707669003,6.541215603278274,6.680101888212399,47919366,335482494.99633443,-0.012258408324898383,304.20672802314726,4,1,0.011188619608255764
990006,2022-01-21,6.665727017859572,6.835176607992943,6.632104125128114,6.798358486593712,29075679,203779932.71573928,0.013831632504496925,347.91239320424836,4,1,-0.032423336444474975
990006,2022-01-24,6.700350665736343,6.8434010367134,6.362345770131997,6.485703822783247,45611114,316267911.4180166,-0.0400342849824502,412.59379375332946,4,1,0.014157042812275044
990006,2022-01-25,6.546377272499316,6.690499776719937,6.413604715549774,6.571487759103175,22807707,168618682.49576274,0.009486777206100404,388.10233212402795,4,1,0.018452105582607972
990006,2022-01-26,6.644401641261132,6.746764348878534,6.399685979026197,6.54424023864962,32222196,217528594.45535985,-0.003301656070727516,372.16349308942364,4,1,-0.022773040715297753
990006,2022-01-27,6.615621741703327,6.727482562587641,6.3758014517245005,6.486142404389964,92014857,554170828.2722852,-0.010708050037685015,310.46145187915,4,1,0.005728515201508347
990006,2022-01-28,6.454998383849587,6.487504767576061,6.402936347054989,6.42243557023879,8471325,51751233.560993895,-0.0048167216966613,314.4484799377728,4,1,-0.03293613717467537
990006,2022-01-31,6.464800779062696,6.516768405872506,6.34734500916646,6.405522187719799,42812559,306792720.3421846,-0.005543308964501364,329.4822425030343,4,1,0.029136826074866312
990006,2022-02-01,6.345553395638914,6.631271073990458,6.279116896590587,6.54774457473776,38173387,252651517.14427003,0.0198294712529949,371.21815554972443,4,1,-0.02699909902794498
990006,2022-02-02,6.4854937954027285,6.635882235734884,6.391893754106464,6.586096250163582,62422715,439633834.655458,0.003984478396461583,382.1969831814069,4,1,-0.026874072726620936
990006,2022-02-03,6.634070770763753,6.7056546559228325,6.502337834227106,6.572364855750451,179477307,1028200758.6847854,0.0017986698551517649,366.2396115935057,4,1,-0.005408422987596999
990006,2022-02-04,6.632693229420687,6.699524860220476,6.41825287436759,6.4629617793221135,65815378,426512709.1539915,-0.015069014831796058,409.30076531822664,4,1,0.009255597234425494
990006,2022-02-07,6.445113973328696,6.624136233726306,6.214396728277246,6.403397657520514,74416668,483638993.96010274,-0.011657997740475715,279.91174078372507,4,1,-0.016792625465197816
990006,2022-02-08,6.301804756353998,6.455533052676046,6.177638435038483,6.325561123700194,63260642,566127714.5122375,-0.009783470083296747,291.6184327472746,4,1,0.016701716242608
990006,2022-02-09,6.412730727032812,6.478855418949752,6.278630428498837,6.355359114875943,16949731,107667327.89993013,0.00015530318456117927,326.68068118108926,4,1,0.02224604313079797
990006,2022-02-10,6.361933817139262,6.58689540528692,6.325329091560223,6.524168253761695,81923540,524672368.92433786,0.027912898692278816,335.98193782141067,4,1,-0.03789881717576482
990006,2022-02-11,6.574322371606109,6.657427661425544,6.498513174268731,6.583582659811035,50453938,305350056.0308788,0.011463732633996113,279.7651647991556,4,1,0.023480491894717945
990006,2022-02-14,6.591823150857354,6.78034731180044,6.541685958875588,6.708970826274329,22386789,171975869.40827686,0.01640373984216256,313.3530587114906,4,1,-0.013485122794738775
990006,2022-02-15,6.677860378101226,6.995404205358247,6.543195222622399,6.8155202821180625,193898717,1353994568.0341594,0.02160823532386153,283.77747261631856,4,1,0.026651556307989745
990006,2022-02-16,6.824443603767957,6.933588081800346,6.765954590977611,6.878702826087771,48242245,375749837.2321028,0.0065669590600942775,281.7885799192924,4,1,0.02342059806719931
990006,2022-02-17,6.878906391466767,7.051656369127684,6.807044442883132,7.000586602924815,20374804,141239925.49824455,0.014861012464396611,389.1535441913078,4,1,-0.016945491239689546
990006,2022-02-18,7.03637401267567,7.136512671426272,6.864408460691118,7.005345442889844,33544416,281146861.989357,0.0026619655614026193,347.5457036639137,4,1,-0.02839629887911621
990006,2022-02-21,7.028225780112499,7.11038756506664,6.9387390037899985,7.017787766553147,47429027,343777971.39708114,0.0011970772264060005,345.21122864806097,4,1,0.008050224346927124
990006,2022-02-22,7.085377515542108,7.198243849841061,6.853146087140961,6.992625814563537,78172287,614250782.9443047,-0.007470946694325749,395.3771663897947,4,1,0.012029357164229985
990006,2022-02-23,6.913089594895484,7.064340642887994,6.834630188117157,6.94922467219743,36115627,288631855.784525,-0.0024789629812259776,381.2852283498861,4,1,-0.015951321310604456
990006,2022-02-24,6.877011789083536,7.042382732935869,6.786095585359525,6.962688330535083,76562789,522362409.1075058,0.0007635690843290141,358.24592231698284,4,1,-0.021893343253738227
990006,2022-02-25,7.020193248384965,7.111940400457269,6.687850808380748,6.767126742236292,27157873,208817039.44844636,-0.02453192387992993,201.46398449523454,4,1,0.011611750253066152
990006,2022-02-28,6.641708837026693,6.958945155558402,6.494672010146099,6.862053561346485,47681802,263856928.44387782,0.01122713624647797,323.58903347837594,4,1,0.0036568623208448735
990006,2022-03-01,6.8298871054455015,6.933831652300925,6.747877976389671,6.878078541948394,35577734,260283799.46403334,-0.00047783771998324853,413.3412526158991,4,1,-0.004545084149375723
990006,2022-03-02,6.908926362227703,7.043510610585379,6.595237712843123,6.71677439140877,15068909,82557245.10635515,-0.020123679011527854,325.2457274072225,4,1,-0.006727924566142043
990006,2022-03-03,6.710492545763394,6.774243228017891,6.624040842508021,6.687832657392453,78281877,504629381.1847003,-0.004907180004759255,332.1507892047384,4,1,-0.00853993470260743
990006,2022-03-04,6.643434686450145,6.716422114093022,6.502721346514778,6.601117179290855,25786553,159750990.51747674,-0.012345020262419954,413.00917163238563,4,1,-0.014575884038824462
990006,2022-03-07,6.591139730589572,6.705701114355499,6.54495845664441,6.621396399327274,22779701,148434709.94221464,0.0039916093541861,375.59754813666757,4,1,-0.014209438521151979
990006,2022-03-08,6.644084230260718,6.7594358803410985,6.26119000126331,6.401513059821581,53029114,386400135.7096714,-0.0346522155342775,425.2296566837219,4,1,-0.008340717499946058
990006,2022-03-09,6.300329206025604,6.420652930989115,6.26774552257434,6.3952377090223855,56599536,345670262.892965,-0.0037946766199127503,297.4458449842964,4,1,0.021813484514108285
990006,2022-03-10,6.383701844181648,6.463295173740168,6.280897286738534,6.358185143273393,57176171,365483482.3108129,-0.0019946242737466963,410.7748651029619,4,1,0.01444995654280155
990006,2022-03-11,6.376161052687523,6.476278602606174,6.194414758178068,6.28995716815284,55950229,308826517.7880582,-0.01283143329529381,378.26151757491203,4,1,0.02493414382680878
990006,2022-03-14,6.2974574857480405,6.402135468760433,5.743029748153136,5.8448550680572975,92836921,532500138.15166056,-0.07049175840201904,267.2005438540694,4,1,0.019483834188066186
990006,2022-03-15,5.827857441772161,5.920600424729522,5.7412440346010944,5.865367989947223,16569138,91820027.39538674,0.0014314063328792538,388.6878718857808,4,1,0.000580770205028077
990006,2022-03-16,5.754278615468851,5.871683729094067,5.680332744574494,5.7696240407892185,54387614,319576265.6119266,-0.012008058251196777,368.38078971096974,4,1,-0.010543799611134132
990006,2022-03-17,5.728313837524876,5.833633806686646,5.5394894359541365,5.637054599395773,64088118,394911076.1681227,-0.020513022302343857,277.0782583411535,4,1,0.03364373846285734
990006,2022-03-18,5.676195737329916,5.7115972829734245,5.639131106404069,5.6804079057441195,9499664,48290185.140864,0.0005676173874298734,291.581345196836,4,1,0.03481818865804572
990006,2022-03-21,5.726808577711192,5.85290207256995,5.618343829682916,5.723985470592879,41052012,241006273.54105476,0.00951862289392191,277.97923007409,4,1,0.022381248668916907
990006,2022-03-22,5.716182515950264,5.800975895013643,5.350235780644595,5.4245851555338485,20669251,114356793.83862963,-0.05106915720501441,549.9447702776054,4,1,0.0184664975574478
990006,2022-03-23,5.485463562085184,5.564299058860179,5.438397445452681,5.512149786866013,26694179,144842752.53973272,0.016136521693030113,293.4832215647717,4,1,0.02691947590824166
990006,2022-03-24,5.458691943530065,5.546508127344998,5.39039784207308,5.4640223100352605,43004709,238904575.97797891,-0.009815040482276716,407.9425265818822,4,1,-0.01947935610686702
990006,2022-03-25,5.4468748847580715,5.595100024699123,5.421358871401833,5.552272665779871,63112306,329022356.3714597,0.017031824284649187,339.1669473982994,4,1,0.01353558800187054
990007,2022-01-03,4.924360522507707,4.939495961448301,4.824178685648939,4.851469371229993,67053978,336972573.84562755,-0.005914973477728872,5.672582599625484,4,1,0.011039967589768858
990007,2022-01-04,4.893201647093946,4.996736758485902,4.699108107721313,4.7951836485190436,115878678,648412461.8064415,-0.015604067976778675,5.22370194685719,4,1,-0.0052570505278227014
990007,2022-01-05,4.855871296769829,4.922096323720127,4.702155744343137,4.78299475438549,105616034,454979856.46745104,-0.0020860665307874163,6.851630830986024,4,1,-0.0009358936739518128
990007,2022-01-06,4.7866931807435265,4.8104846202330105,4.667901774268209,4.694663029424767,108306573,481096851.98408246,-0.01382357649044794,6.611264184405593,4,1,0.0062805671832265285
990007,2022-01-07,4.646996455104602,4.7100943692731185,4.52394265399659,4.557972584147593,16652506,77384697.2922876,-0.031032145574286737,7.003699782869921,4,1,0.028583661468260343
990007,2022-01-10,4.517679542760204,4.640366167207171,4.450712968561116,4.590566898272135,82948040,366909813.1747157,0.0069070873677947835,4.798369998,4,1,-0.033519924662661696
990007,2022-01-11,4.537895787587531,4.622913598408655,4.510667104829746,4.615433120225765,34158329,156698494.62669355,0.003817891806779767,8.442654012000002,4,1,0.0024183800431768652
990007,2022-01-12,4.636691590021241,4.689603434506411,4.608187306401828,4.667475419245814,41415980,179604173.75571242,0.010449520605337369,8.29744859652191,4,1,0.027045929091479487
990007,2022-01-13,4.652892708970457,4.732910990365649,4.587073002520167,4.644338132218767,65389524,296822102.6825678,0.00019233122543261811,5.833281339183648,4,1,0.008412028201736137
990007,2022-01-14,4.5441875263531895,4.691798106380158,4.498688194861438,4.648938981703775,84342686,347400720.6741567,-0.00320109800006972,5.91639445296493,4,1,0.018840917927021
990007,2022-01-17,4.615662713287097,4.735822587064197,4.574202561004484,4.704563315418157,60517016,312451965.3786336,0.011582332723460511,6.304243962226461,4,1,-0.011996216688223623
990007,2022-01-18,4.692273161617176,4.773517545036639,4.580330591894099,4.659219785423558,88122951,383811109.73241466,-0.007498856913356121,6.62769452699021,4,1,-0.004232596166617308
990007,2022-01-19,4.619204976095184,4.733816667637108,4.588520213598142,4.65986868759646,90216995,365119810.3663592,-0.0001067504174083751,6.237983408339786,4,1,0.025457452002655694
990007,2022-01-20,4.763491696850863,4.785392187239192,4.6225596246871055,4.684890694509342,69284617,328476426.65021104,0.000168806528742422,6.4925389346894615,4,1,-0.009949326490233078
990007,2022-01-21,4.641063958932839,4.699456735416762,4.5925907948270694,4.618084284341881,34478223,153470508.0104685,-0.006631014102081316,6.130128421040347,4,1,0.025714590628422306
990007,2022-01-24,4.697637839536752,4.7265247611111345,4.479728528172913,4.541296013208034,92417409,376766814.9482756,-0.02123488304810926,7.282180785832066,4,1,4.6800325375971405e-05
990007,2022-01-25,4.536147107480922,4.716292643180861,4.440189768699352,4.63657709263825,176963520,824910520.7497598,0.0207418960643381,7.945155406383286,4,1,0.017156917998673478
990007,2022-01-26,4.652276171227307,4.736234626672785,4.479397712144564,4.579057954452486,61888765,306252314.7294217,-0.012464147208386015,6.9331485722834465,4,1,0.0035768228900263793
990007,2022-01-27,4.588383728076196,4.737816082493074,4.542232109928814,4.67047928109762,37560839,180005269.01377013,0.022830920057272008,5.961933300877117,4,1,-0.0045383407773772685
990007,2022-01-28,4.649867676612069,4.652349681690877,4.5589279845216195,4.56968584716366,64033843,302620387.65494204,-0.022098261871439186,6.5436707455165255,4,1,0.0013413666627291898
990007,2022-01-31,4.6107411801911775,4.630286580519123,4.599443789047599,4.621979092111215,87372515,396595256.47138023,0.010285916319707262,8.442654012000002,4,1,0.004716199442441716
990007,2022-02-01,4.590073026357894,4.739010755897947,4.5597116107454,4.687936383129753,173920109,888528852.7596058,0.0176385198572078,6.0821264877547465,4,1,0.014020882229636433
990007,2022-02-02,4.670317112980074,4.717165368123258,4.5223104736592115,4.581539350358873,26540455,135205487.48041907,-0.02337266725053252,7.496620601545985,4,1,-0.00032261222184243435
990007,2022-02-03,4.487913633536155,4.730739652513957,4.412198643405399,4.671041011435363,45728419,234044184.02621302,0.01729014947201593,6.1452808712344975,4,1,-7.714393322586674e-05
990007,2022-02-04,4.709253113322719,4.766907286257506,4.475079680276141,4.53898395037025,49023758,216123720.63023728,-0.027721013105037304,5.225013785827232,4,1,0.02220586003691547
990007,2022-02-07,4.477685029266695,4.5984228735885635,4.460325293073398,4.590124348314047,67269907,320760892.49198353,0.012663406309302646,7.031197965715307,4,1,-0.012058799407117043
990007,2022-02-08,4.5778058713955945,4.644420463626159,4.530122378631091,4.6119886770494105,39354326,190854343.29483706,0.0030969459145009787,7.492432683628667,4,1,0.0045027841621601
990007,2022-02-09,4.641173359052604,4.691151901361096,4.612889359169732,4.648846626091732,46251511,203119456.2386186,0.007235545620147965,8.442654012000002,4,1,0.021277346880326616
990007,2022-02-10,4.618678090326611,5.016308576540612,4.539889591939414,4.934256989984612,98944182,496837676.9774479,0.06655356338275235,8.35576556119572,4,1,-0.00027272522780380075
990007,2022-02-11,4.927543915999722,4.943276050795633,4.7659103445061834,4.807764703878875,37587285,222666563.28292498,-0.03068649657485555,8.442654012000002,4,1,-0.009478249339133552
990007,2022-02-14,4.779427123276507,4.847772307784727,4.552516071049256,4.605876408786913,69531104,327896006.9961949,-0.040133056253639554,8.442654012000002,4,1,0.018330033516239966
990007,2022-02-15,4.611677362764537,4.641026480972842,4.583832123098324,4.641026480972842,91399692,477532746.50436765,0.0023692809150866164,6.84435440739853,4,1,0.013685515568086629
990007,2022-02-16,4.701689809180865,4.746737157620192,4.669064037174401,4.711638653663615,73293496,323101930.7236353,0.019036094101477996,6.334154696717324,4,1,0.009654742070590616
990007,2022-02-17,4.738257495735462,4.846309128212299,4.6712530660283464,4.768878012222327,228019576,1109569348.3609326,0.012883313014594066,6.0280245138520465,4,1,0.0003448954157349676
990007,2022-02-18,4.679771301323435,4.7535436160810125,4.60673622535474,4.683716659062234,63894252,258756687.64520803,-0.019214335515345723,5.677425090240012,4,1,-0.009916378649320703
990007,2022-02-21,4.577128551865772,4.6578173829245575,4.540580335106827,4.610742320187089,128299390,559913699.8866819,-0.015622179650288361,8.315610086205655,4,1,0.008880401927687059
990007,2022-02-22,4.636223084105375,4.668163229504594,4.535700699666266,4.5821810538678305,77108829,316325174.3070126,-0.004647138428829769,5.4046927695229945,4,1,-0.012134468888101336
990007,2022-02-23,4.508315246553058,4.6325306165181885,4.448119296863229,4.572205718626359,103943274,512815297.81038374,-0.0012317388352020334,5.557099058030374,4,1,-0.006693794228840889
990007,2022-02-24,4.561839381526369,4.5900029661281225,4.505581048037759,4.530258254626097,80431792,324577604.748851,-0.01167744842071479,6.937595801463678,4,1,0.00011006668713178078
990007,2022-02-25,4.514363486482661,4.606185738635243,4.4372608437390895,4.515499299987007,99411520,416606003.13333017,-0.002014603065232919,7.306881127966662,4,1,-0.0026571144406237496
990007,2022-02-28,4.515377955933308,4.577690940375847,4.405386894964674,4.484451148512349,31277897,132381512.16722944,-0.00832628855768131,4.798369998,4,1,-0.007521791130586342
990007,2022-03-01,4.490635426132088,4.6038234340398265,4.4392746812401125,4.516065053863262,38474565,197429750.7441968,0.008691263653743505,6.373148566343096,4,1,-0.017967855743325614
990007,2022-03-02,4.55150813214611,4.577557782693495,4.426594265233941,4.451041543308029,69592543,304717912.251326,-0.01507691085143747,5.264674372837034,4,1,-0.0019621215103335166
990007,2022-03-03,4.445301934865346,4.695274853061349,4.3349421545053435,4.575702538546071,101712916,519422717.2889522,0.028834940422831235,6.802916848662938,4,1,0.0024170554374412746
990007,2022-03-04,4.516511311097766,4.603551915750847,4.516511311097766,4.603551915750847,73465371,386440967.138964,0.00628472279604947,5.730566773433963,4,1,-0.020148222423677427
990007,2022-03-07,4.505963203230188,4.642948924313484,4.485938743465746,4.604067631894173,167835204,658601950.8947455,0.002109334962416519,7.332311033670232,4,1,0.001091590122608418
990007,2022-03-08,4.5712428072489555,4.600197692373636,4.494004663156939,4.525377424506868,57803727,248291551.23081797,-0.017636443464658674,5.5829867653952645,4,1,-0.0036378907140452053
990007,2022-03-09,4.581272708750796,4.690212014543982,4.493303779199448,4.5657913125788845,46845715,224471780.1575587,0.006415156307112128,7.641880192131405,4,1,-0.000569631641802834
990007,2022-03-10,4.536163154026985,4.8302785349420345,4.456632456786191,4.759914131614537,85678468,451168731.19244605,0.04184412755668847,7.537265776591651,4,1,-0.014071916411385338
990007,2022-03-11,4.705303573072435,4.838956912129678,4.691653573709558,4.802958949968775,120776321,504598206.9343246,0.01213527879319596,6.629419905458243,4,1,-0.01054318224496977
990007,2022-03-14,4.806844603398325,4.91204827904837,4.704500257358004,4.793442152935751,56273885,265163086.1408936,-0.0040823467777712594,4.798369998,4,1,0.021104207742523216
990007,2022-03-15,4.817848770199108,4.909359595976404,4.739865504411434,4.864302835804829,53714890,263123527.53113437,0.012321765318402494,4.798369998,4,1,-0.0143600882080856
990007,2022-03-16,4.853285058028126,4.924436572389728,4.75429015830403,4.793355911840777,54862036,266022911.86438408,-0.009946879416972492,5.359210745561599,4,1,-0.007537728527208309
990007,2022-03-17,4.782548671369304,4.991657573041826,4.775469649458612,4.970420086968016,78598122,402288411.93301266,0.035754662269797816,5.749527606579458,4,1,0.017543525985631497
990007,2022-03-18,4.850408102734906,5.1016816622500825,4.772261594957694,5.014203796823227,54963412,264148436.3467685,0.0068290453310505235,5.055973500004978,4,1,-0.014586102705592002
990007,2022-03-21,4.994783272063822,5.073005847259915,4.7803587838699455,4.858502382985445,73026675,379470816.17134017,-0.031254987576574064,8.442654012000002,4,1,-0.010177050925385102
990007,2022-03-22,4.889936537924204,4.921335421146323,4.862949660215139,4.862949660215139,49075103,231027889.85568774,0.0022429918460073663,6.232172120471921,4,1,0.010151510112163357
990007,2022-03-23,4.943892467554446,5.064811386775269,4.655327580567039,4.764000815821912,103690847,468714789.9163871,-0.018581387830593165,5.151939180142314,4,1,0.012078708550714702
990007,2022-03-24,4.687848480697649,4.82577148641939,4.648158653918505,4.764359702615531,107601772,534556010.81109643,-0.0007387790748827849,6.102001926299537,4,1,-0.008115618693051654
990007,2022-03-25,4.679577750605997,4.8420196178480595,4.609183769744173,4.7684602679199575,86408366,430850196.7657472,-4.1189359292458295e-05,6.5732289513055155,4,1,0.0018305200932453459
990008,2022-01-03,58.69590057847755,59.6481846334876,58.5114523524131,58.95107896641015,4817206,312345959.0910759,-0.0001058132857437093,45.15188939761429,32,1,0.001230255183131719
990008,2022-01-04,59.82388353576505,60.528797642035045,57.39127343845518,58.2386838251746,2083796,107457122.95987013,-0.011124827925481794,37.93177255729991,32,1,-0.01787983476290029
990008,2022-01-05,58.67751371983533,58.74981747659236,58.324311538637716,58.59149169481383,4903536,260342864.87779424,0.0025814003013338396,49.50435300824545,32,1,-0.019126684050629752
990008,2022-01-06,58.92873217151978,59.97760442587177,57.01096072548644,58.32127650731522,4386159,285878066.4130005,-0.004183308835175294,57.867070100038205,32,1,0.0075175281429122436
990008,2022-01-07,58.32248629055333,60.7035206768863,57.77312988394627,59.14393937873842,3773045,224115402.15959474,0.019516992990796164,65.77306104403105,32,1,0.01589463126184909
990008,2022-01-10,58.99066919331789,60.11810662959833,58.167071931148776,59.57164225029416,1752676,111496201.68353735,-0.0009201577292082305,48.804349097091475,32,1,0.07086569731945712
990008,2022-01-11,59.513122030180696,60.618719321118675,57.77133276642426,59.22792718895799,4095528,247295482.89129695,-0.003473855290607102,47.59497986410363,32,1,0.026232234963312503
990008,2022-01-12,60.26884993551176,60.26884993551176,58.964750064724576,59.25176711378468,3957846,240666199.35005355,0.0013033410788032534,62.32948896853552,32,1,-0.020706308207505228
990008,2022-01-13,59.30178152906546,60.24955476941586,58.379600233125934,59.63431626432386,4748635,257451263.24330157,0.008937111565229928,45.126593365606546,32,1,-0.0032298822350263624
990008,2022-01-14,59.79224149934433,60.79286775672729,56.832460393597124,57.954994679866424,6182020,316815528.4594607,-0.030114939742272133,54.1168271854617,32,1,0.0035775671980366303
990008,2022-01-17,57.42881719985357,58.571322862245,56.322335704806655,57.06587855770972,3515931,218601591.35365105,-0.014927200487087186,47.94954341221064,32,1,0.012045170551224386
990008,2022-01-18,55.829903046198964,58.295464872255444,54.84164796380795,57.35396793895836,4509660,270580824.3347041,0.002522766795297435,59.390690147319994,32,1,0.02005242491002874
990008,2022-01-19,56.53750272874497,59.95874379076093,56.245523448624034,59.954972558763714,6856301,422743350.3245834,0.04468693816653889,58.8514583654609,32,1,-0.014167238883487903
990008,2022-01-20,59.8294638187405,59.91427363250052,58.52143005938579,58.52143005938579,7782537,452735997.31519765,-0.02427629927475983,57.71674650923462,32,1,0.013210878321517714
990008,2022-01-21,58.72589874503368,59.90021046537743,56.72548155880656,57.607232976632616,18997284,1116742753.9061437,-0.015815517751781673,50.56357806281786,32,1,-0.026675599401838404
990008,2022-01-24,57.93721847595197,58.44822501313882,56.5884838097152,57.478788430954644,9995187,687730380.8710935,0.00015292319434182246,34.537889984453166,32,1,0.038053579974531786
990008,2022-01-25,57.695156896021714,59.526221894969915,57.33946302704004,59.06368064913479,14540985,769410508.196124,0.028285900870528024,55.2071910476451,32,1,0.031814012514769716
990008,2022-01-26,58.74545072372326,61.405451555323616,57.82789076976367,60.357792162657915,17052758,1048322554.6155277,0.02353731285270784,53.68164697057258,32,1,-0.0018224629104731378
990008,2022-01-27,59.38468153856313,61.44829849077033,58.91998676663768,60.91508581669724,4342728,259711516.48581204,0.009329750112383422,64.17067031942754,32,1,0.010404907190710683
990008,2022-01-28,60.988277570179214,62.00843917117046,60.25227883981672,61.083613008653394,3011518,164669927.9847548,0.005052050055181593,61.68494936776621,32,1,0.017494209890762676
990008,2022-01-31,60.88265244375737,61.81089802945855,59.14087172800263,60.01206101577732,3088305,179856079.05120018,-0.020472025816508557,53.62887842756547,32,1,0.025204886934966416
990008,2022-02-01,59.070934888079385,63.85358951421822,57.88487713172706,62.31539771679966,9726953,485503292.9073765,0.038582101063828776,53.775508180260296,32,1,0.052314569977576525
990008,2022-02-02,62.22179065077494,64.70474996840741,61.28448154583889,63.49266862912197,9965973,552685872.3969469,0.019523323415525637,69.49628671006724,32,1,-0.01302030429458375
990008,2022-02-03,64.44039614341455,66.41686992894267,63.32755680330039,65.21955426582113,17119073,1196964569.7502651,0.027795552849113454,60.154326968412214,32,1,-0.010868526592568767
990008,2022-02-04,65.43631251431292,66.29789578907186,64.77420686977585,65.47768559318487,6333782,409035000.43258506,0.0013382855791485254,52.887229953862985,32,1,0.028879462033145665
990008,2022-02-07,65.4691859033704,68.55933846855405,63.85152450076835,67.44400302194673,1956773,132845185.89178212,0.029142681746249826,60.98706439911508,32,1,-0.046087174298315756
990008,2022-02-08,68.45892802611112,68.45892802611112,67.44201151416348,67.78958217456776,8344930,547738096.3155292,0.005225012685454459,52.610484871727785,32,1,0.007171826632726674
990008,2022-02-09,68.15033088419756,68.332183391921,67.73724521709781,68.28860490498074,7333260,480806652.2132502,0.00567465080066535,50.97340511444195,32,1,-0.026689557746299625
990008,2022-02-10,66.96846248022518,71.3336339698538,66.58412245064156,70.22266423324139,8003607,557497496.0219685,0.03478250948757757,59.04178395157898,32,1,0.04134194623752103
990008,2022-02-11,69.87400589465685,70.98184377401758,68.30771697465568,69.63983644805899,8459804,560433348.5380564,-0.014172742403796663,55.431278483291024,32,1,-0.0013702067062627487
990008,2022-02-14,70.00541503034933,70.85585254145434,68.25042493732468,68.99006021130685,4703554,381912428.72456336,-0.009144049223133886,75.26333358150285,32,1,-0.030759607249367146
990008,2022-02-15,67.71053265452925,70.47562946720087,66.45390751247638,69.18064510487919,10203318,634147877.2066116,0.00472514775931455,43.43760845070967,32,1,-0.03745011391707302
990008,2022-02-16,69.58099994963857,71.64676511174024,68.51623997802382,70.65864356770983,5369094,452889252.49840325,0.02254938606435489,39.10707032934032,32,1,-0.036821409908499615
990008,2022-02-17,70.54541311161722,72.1635469226053,69.45756886216562,70.82398716760922,8765273,645980672.1872828,0.005536492442593454,63.82394637005511,32,1,-0.02673679687854888
990008,2022-02-18,71.05398001936075,72.04538196099641,69.6862982450098,70.37819468707958,4123700,254211074.42233184,-0.010644789966503447,48.342095180738916,32,1,-0.0010414423756693657
990008,2022-02-21,70.81369994387404,72.69516787616207,68.04447559960532,69.82021661358698,2083768,149057273.9569118,-0.008417970488617392,52.11583272106969,32,1,0.003868180393537641
990008,2022-02-22,69.49096929882856,71.16480814599458,68.44136072825002,69.82467975475845,12247711,872261447.0959681,0.002239986520791638,50.53576683316606,32,1,-0.004282760087659014
990008,2022-02-23,70.2849803785945,77.9873378331284,69.33074223632744,76.93679923351519,2150232,179253639.5592997,0.10022945900000355,52.656274713900984,32,1,0.01577539090508018
990008,2022-02-24,75.94320344062655,78.47744762517533,71.90814445383745,74.17152410748717,11249723,741005289.2851214,-0.0357543643573922,39.58007772092995,32,1,-0.0226746776888657
990008,2022-02-25,73.58304830317175,74.92919051278204,73.0698476122559,74.18269235264623,3241486,247961846.0675912,0.0015376633243220062,48.920073490303054,32,1,-0.011217384977682215
990008,2022-02-28,75.08119512984037,76.59626405640758,71.34792134759795,72.64212588141112,6559440,456623702.4213167,-0.02626375093294833,53.34590914370738,32,1,-0.010339453367878695
990008,2022-03-01,71.780781780006,72.81481593577888,71.44552912217644,71.82748884049452,2206218,157994526.64065784,-0.0016852038429922783,56.244766143390116,32,1,-0.013374950952402544
990008,2022-03-02,73.55940042913046,73.7387684313192,70.71828063119436,70.71828063119436,1861472,137346142.79779783,-0.018062810815260576,54.79157070980624,32,1,-0.00423693478288861
990008,2022-03-03,70.52385226612415,71.41263549618617,69.74838242273522,70.97491047127757,5207488,383040287.95634586,-0.0010354668351176515,57.46521743045477,32,1,0.00366716499394019
990008,2022-03-04,68.92814062182465,70.27539958934292,62.48686973546624,63.74473036223671,6290810,436669404.1115715,-0.1011072353230811,58.35443931127592,32,1,-0.05480698101835163
990008,2022-03-07,62.87536172625543,67.01130528104378,62.55620529969153,66.86144810874553,1775702,128790227.99256834,0.05175162568019701,39.99545285908581,32,1,0.0052056696928086815
990008,2022-03-08,66.66533323907568,68.46980634228929,65.56627608880848,67.90674211394646,4755151,287817127.78285205,0.009134813931728018,67.33263412187492,32,1,-0.0064021225936578136
990008,2022-03-09,67.70855092524268,68.67329012129022,67.23577338839561,68.00896197240198,2835068,189162765.59915653,0.00848038947284631,35.14984737771746,32,1,-0.033794734828187595
990008,2022-03-10,66.63621005376918,68.52679420579547,65.55672731527878,67.48266685237192,843611,57964374.49490161,-0.010398233207871725,56.974282166664715,32,1,0.02499050229033877
990008,2022-03-11,67.73086113452582,68.01143638506522,66.91587389893748,67.10058466767448,3252869,226321493.98755795,-0.0033820728283596377,42.36385119831196,32,1,-0.009826012661637398
990008,2022-03-14,67.3196376625657,70.39129754025495,66.158322618807,69.26386401345418,4858361,344518951.3613914,0.03092518178845914,49.98406545450294,32,1,-0.009678401010720416
990008,2022-03-15,68.79315733933885,68.91147222565206,68.60275835851934,68.65423307575847,7656695,539968241.3719864,-0.009868591718685248,41.85155573134051,32,1,-0.01592249836358649
990008,2022-03-16,69.64023093291038,71.15996024818692,67.88847444683172,68.76000358012928,3132790,242133151.4384798,0.003531755508177937,58.01911598603213,32,1,0.0007202643321146669
990008,2022-03-17,68.9493450684384,69.74576426885828,67.62621182410265,68.54633126399062,3448782,226480319.3318568,-0.004199462579986296,42.17467428339672,32,1,-0.00021852536762214845
990008,2022-03-18,68.47400592782837,69.4894296147957,68.39447429063769,69.29096181908545,12192225,814096142.7470113,0.009959779347431806,46.93102657807923,32,1,-0.0034811428992297102
990008,2022-03-21,67.79906040830915,68.50134967438949,67.19642988273947,67.77639971606614,22361951,1563694121.330866,-0.022699956734002612,59.98961651650225,32,1,0.023284450356480222
990008,2022-03-22,68.8574991437686,70.2691129199337,67.95064751889419,69.06740878804582,1764757,111353349.14259177,0.021792465209654253,38.98519817144275,32,1,-0.0038362598806636733
990008,2022-03-23,68.7720413357688,71.05763291539918,68.16861069331401,70.05643586587279,10305025,647650588.6595839,0.013101482277056285,58.21441065713925,32,1,-0.05123038533877861
990008,2022-03-24,70.40838983521283,70.40838983521283,68.65404586972689,69.19318259957414,6608913,459751205.62279475,-0.015810747690710433,49.012137235432256,32,1,-0.01256608344009699
990008,2022-03-25,68.86270222811395,69.80147764497495,67.73792143858496,68.98604466918647,12651084,902593574.3898109,-0.004137455099438205,47.63246887572662,32,1,-0.0323708989221037
