sample_id,stock_id,end_date,label,future_return_7,split,row_idx,prev_row_idx,prev_split,gap,overlap_days,overlap_ratio,transition
000001_2025-01-02,000001,2025-01-02,0,-0.0201224845378717,val,911,843.0,train,68.0,0.0,0.0,train->val
000001_2025-10-09,000001,2025-10-09,1,0.0017535434540209,test,1094,1026.0,val,68.0,0.0,0.0,val->test
000002_2025-01-02,000002,2025-01-02,0,-0.0492264405385518,val,911,843.0,train,68.0,0.0,0.0,train->val
000002_2025-10-09,000002,2025-10-09,0,-0.0662739305724433,test,1094,1026.0,val,68.0,0.0,0.0,val->test
000063_2025-01-02,000063,2025-01-02,1,0.0282098599553888,val,911,843.0,train,68.0,0.0,0.0,train->val
000063_2025-10-09,000063,2025-10-09,0,-0.027611044857559,test,1094,1026.0,val,68.0,0.0,0.0,val->test
000100_2025-01-02,000100,2025-01-02,0,-0.0282827609051195,val,911,843.0,train,68.0,0.0,0.0,train->val
000100_2025-10-09,000100,2025-10-09,0,-0.0864745005723087,test,1094,1026.0,val,68.0,0.0,0.0,val->test
000157_2025-01-02,000157,2025-01-02,0,-0.0557142851299769,val,911,843.0,train,68.0,0.0,0.0,train->val
000157_2025-10-09,000157,2025-10-09,0,-0.0037313445929473,test,1094,1026.0,val,68.0,0.0,0.0,val->test
000166_2025-01-02,000166,2025-01-02,0,-0.02766783316852,val,911,843.0,train,68.0,0.0,0.0,train->val
000166_2025-10-09,000166,2025-10-09,0,-0.0166358045990231,test,1094,1026.0,val,68.0,0.0,0.0,val->test
000301_2025-01-02,000301,2025-01-02,1,0.0387500052638189,val,900,832.0,train,68.0,0.0,0.0,train->val
000301_2025-10-09,000301,2025-10-09,0,-0.0780141708696072,test,1083,1015.0,val,68.0,0.0,0.0,val->test
000333_2025-01-02,000333,2025-01-02,0,-0.0135422177005985,val,911,843.0,train,68.0,0.0,0.0,train->val
000333_2025-10-09,000333,2025-10-09,1,0.0033044189606444,test,1094,1026.0,val,68.0,0.0,0.0,val->test
000338_2025-01-02,000338,2025-01-02,1,0.0281065125372185,val,911,843.0,train,68.0,0.0,0.0,train->val
000338_2025-10-09,000338,2025-10-09,1,0.0041753655998484,test,1094,1026.0,val,68.0,0.0,0.0,val->test
000408_2025-04-22,000408,2025-04-22,1,0.0417960985388863,val,952,818.0,train,134.0,0.0,0.0,train->val
000408_2025-10-09,000408,2025-10-09,0,-0.0957203533563196,test,1064,996.0,val,68.0,0.0,0.0,val->test
000425_2025-01-02,000425,2025-01-02,0,-0.0597402622150266,val,888,820.0,train,68.0,0.0,0.0,train->val
000425_2025-10-09,000425,2025-10-09,0,-0.0325417763768215,test,1071,1003.0,val,68.0,0.0,0.0,val->test
000538_2025-01-02,000538,2025-01-02,0,-0.0327304057034159,val,911,843.0,train,68.0,0.0,0.0,train->val
000538_2025-10-09,000538,2025-10-09,0,-0.0123822801947921,test,1094,1026.0,val,68.0,0.0,0.0,val->test
000568_2025-01-02,000568,2025-01-02,0,-0.0393225937466696,val,911,843.0,train,68.0,0.0,0.0,train->val
000568_2025-10-09,000568,2025-10-09,1,0.0253349763787825,test,1094,1026.0,val,68.0,0.0,0.0,val->test
000596_2025-01-02,000596,2025-01-02,0,-0.0035817057171913,val,911,843.0,train,68.0,0.0,0.0,train->val
000596_2025-10-09,000596,2025-10-09,1,0.0128287339213605,test,1094,1026.0,val,68.0,0.0,0.0,val->test
000617_2025-01-02,000617,2025-01-02,0,-0.0330339534146184,val,911,843.0,train,68.0,0.0,0.0,train->val
000617_2025-10-09,000617,2025-10-09,0,-0.0456621023989519,test,1094,1026.0,val,68.0,0.0,0.0,val->test
000625_2025-01-02,000625,2025-01-02,0,-0.0439475725264769,val,911,843.0,train,68.0,0.0,0.0,train->val
000625_2025-10-09,000625,2025-10-09,1,0.0048701277502258,test,1094,1026.0,val,68.0,0.0,0.0,val->test
000630_2025-01-02,000630,2025-01-02,1,0.0314465314096874,val,901,833.0,train,68.0,0.0,0.0,train->val
000630_2025-10-09,000630,2025-10-09,0,-0.1067796618495794,test,1084,1016.0,val,68.0,0.0,0.0,val->test
000651_2025-01-02,000651,2025-01-02,0,-0.0310746654677358,val,911,843.0,train,68.0,0.0,0.0,train->val
000651_2025-10-09,000651,2025-10-09,1,0.0096582471519381,test,1094,1026.0,val,68.0,0.0,0.0,val->test
000661_2025-01-02,000661,2025-01-02,0,-0.0461981695579916,val,911,843.0,train,68.0,0.0,0.0,train->val
000661_2025-10-09,000661,2025-10-09,0,-0.0629013537260292,test,1094,1026.0,val,68.0,0.0,0.0,val->test
000708_2025-01-02,000708,2025-01-02,0,-0.0159857942513702,val,911,843.0,train,68.0,0.0,0.0,train->val
000708_2025-10-09,000708,2025-10-09,0,-0.0180513178711432,test,1094,1026.0,val,68.0,0.0,0.0,val->test
000725_2025-01-02,000725,2025-01-02,0,-0.0188679622502343,val,911,843.0,train,68.0,0.0,0.0,train->val
000725_2025-10-09,000725,2025-10-09,0,-0.0654205132859034,test,1094,1026.0,val,68.0,0.0,0.0,val->test
000768_2025-01-02,000768,2025-01-02,0,-0.0176891222807612,val,911,843.0,train,68.0,0.0,0.0,train->val
000768_2025-10-09,000768,2025-10-09,0,-0.0565686687831791,test,1094,1026.0,val,68.0,0.0,0.0,val->test
000776_2025-01-02,000776,2025-01-02,0,-0.0148963750133663,val,911,843.0,train,68.0,0.0,0.0,train->val
000776_2025-10-09,000776,2025-10-09,0,-0.0202673579163382,test,1094,1026.0,val,68.0,0.0,0.0,val->test
000786_2025-01-02,000786,2025-01-02,0,-0.0533995656144783,val,911,843.0,train,68.0,0.0,0.0,train->val
000786_2025-10-09,000786,2025-10-09,0,-0.0033402888748192,test,1094,1026.0,val,68.0,0.0,0.0,val->test
000792_2025-01-02,000792,2025-01-02,0,-0.009846169432201,val,823,755.0,train,68.0,0.0,0.0,train->val
000792_2025-10-09,000792,2025-10-09,0,-0.0316822802852655,test,1006,938.0,val,68.0,0.0,0.0,val->test
000800_2025-01-02,000800,2025-01-02,0,-0.0264483771575505,val,911,843.0,train,68.0,0.0,0.0,train->val
000800_2025-10-09,000800,2025-10-09,0,-0.0141043737319336,test,1094,1026.0,val,68.0,0.0,0.0,val->test
000807_2025-01-02,000807,2025-01-02,1,0.1420247808478315,val,911,843.0,train,68.0,0.0,0.0,train->val
000807_2025-10-09,000807,2025-10-09,0,-0.0277264363074763,test,1094,1026.0,val,68.0,0.0,0.0,val->test
000858_2025-01-02,000858,2025-01-02,0,-0.056865464367055,val,911,843.0,train,68.0,0.0,0.0,train->val
000858_2025-10-09,000858,2025-10-09,0,-0.0057774840446168,test,1094,1026.0,val,68.0,0.0,0.0,val->test
000876_2025-01-02,000876,2025-01-02,0,-0.0387243723241302,val,911,843.0,train,68.0,0.0,0.0,train->val
000876_2025-10-09,000876,2025-10-09,0,-0.0282542916303181,test,1094,1026.0,val,68.0,0.0,0.0,val->test
000895_2025-01-02,000895,2025-01-02,0,-0.0356312953400628,val,911,843.0,train,68.0,0.0,0.0,train->val
000895_2025-10-09,000895,2025-10-09,1,0.022653726402904,test,1094,1026.0,val,68.0,0.0,0.0,val->test
000938_2025-01-02,000938,2025-01-02,0,-0.0768935021848024,val,911,843.0,train,68.0,0.0,0.0,train->val
000938_2025-10-09,000938,2025-10-09,0,-0.1185185184098421,test,1094,1026.0,val,68.0,0.0,0.0,val->test
000963_2025-01-02,000963,2025-01-02,0,-0.0256101210728242,val,911,843.0,train,68.0,0.0,0.0,train->val
000963_2025-10-09,000963,2025-10-09,0,-0.0371346447507011,test,1094,1026.0,val,68.0,0.0,0.0,val->test
000975_2025-01-02,000975,2025-01-02,1,0.0625000023302522,val,906,838.0,train,68.0,0.0,0.0,train->val
000975_2025-10-09,000975,2025-10-09,0,-0.0665849718336419,test,1089,1021.0,val,68.0,0.0,0.0,val->test
000977_2025-01-02,000977,2025-01-02,0,-0.0423084814091542,val,911,843.0,train,68.0,0.0,0.0,train->val
000977_2025-10-09,000977,2025-10-09,0,-0.1475776699358555,test,1094,1026.0,val,68.0,0.0,0.0,val->test
000983_2025-01-02,000983,2025-01-02,0,-0.0353982278473171,val,901,833.0,train,68.0,0.0,0.0,train->val
000983_2025-10-09,000983,2025-10-09,1,0.0500695280628027,test,1084,1016.0,val,68.0,0.0,0.0,val->test
000999_2025-01-02,000999,2025-01-02,0,-0.0125289953269952,val,911,843.0,train,68.0,0.0,0.0,train->val
000999_2025-10-09,000999,2025-10-09,1,0.0035338918759857,test,1094,1026.0,val,68.0,0.0,0.0,val->test
001289_2025-01-02,001289,2025-01-02,0,-0.035880455889099,val,712,644.0,train,68.0,0.0,0.0,train->val
001289_2025-10-09,001289,2025-10-09,0,-0.0181718031351191,test,895,827.0,val,68.0,0.0,0.0,val->test
001391_2025-10-09,001391,2025-10-09,0,-0.0136363739669499,test,185,117.0,val,68.0,0.0,0.0,val->test
001965_2025-01-02,001965,2025-01-02,0,-0.0157185793458166,val,911,843.0,train,68.0,0.0,0.0,train->val
001965_2025-10-09,001965,2025-10-09,1,0.0426829918948047,test,1094,1026.0,val,68.0,0.0,0.0,val->test
001979_2025-01-02,001979,2025-01-02,1,0.0100099529957937,val,901,833.0,train,68.0,0.0,0.0,train->val
001979_2025-10-09,001979,2025-10-09,0,-0.0148515527892503,test,1084,1016.0,val,68.0,0.0,0.0,val->test
002001_2025-01-02,002001,2025-01-02,1,0.0078776636585502,val,911,843.0,train,68.0,0.0,0.0,train->val
002001_2025-10-09,002001,2025-10-09,0,-0.0686360531097821,test,1094,1026.0,val,68.0,0.0,0.0,val->test
002027_2025-01-02,002027,2025-01-02,0,-0.0625,val,911,843.0,train,68.0,0.0,0.0,train->val
002027_2025-10-09,002027,2025-10-09,0,-0.0530981771854267,test,1094,1026.0,val,68.0,0.0,0.0,val->test
002028_2025-01-02,002028,2025-01-02,0,-0.045198516723394,val,911,843.0,train,68.0,0.0,0.0,train->val
002028_2025-10-09,002028,2025-10-09,1,0.0215975009227791,test,1094,1026.0,val,68.0,0.0,0.0,val->test
002049_2025-01-02,002049,2025-01-02,0,-0.0470317385534189,val,911,843.0,train,68.0,0.0,0.0,train->val
002049_2025-10-09,002049,2025-10-09,0,-0.1316016382517408,test,1094,1026.0,val,68.0,0.0,0.0,val->test
002050_2025-01-02,002050,2025-01-02,1,0.1383537636393274,val,911,843.0,train,68.0,0.0,0.0,train->val
002050_2025-10-09,002050,2025-10-09,0,-0.0666126741417592,test,1094,1026.0,val,68.0,0.0,0.0,val->test
002074_2025-01-02,002074,2025-01-02,0,-0.0019607906025324,val,911,843.0,train,68.0,0.0,0.0,train->val
002074_2025-10-09,002074,2025-10-09,0,-0.1474644999536755,test,1094,1026.0,val,68.0,0.0,0.0,val->test
002129_2025-01-02,002129,2025-01-02,0,-0.0472894830610013,val,911,843.0,train,68.0,0.0,0.0,train->val
002129_2025-10-09,002129,2025-10-09,0,-0.059134119624266,test,1094,1026.0,val,68.0,0.0,0.0,val->test
002142_2025-01-02,002142,2025-01-02,1,0.0388021506250252,val,905,837.0,train,68.0,0.0,0.0,train->val
002142_2025-10-09,002142,2025-10-09,1,0.0469824721431117,test,1088,1020.0,val,68.0,0.0,0.0,val->test
002179_2025-01-02,002179,2025-01-02,0,-0.0085129037432198,val,911,843.0,train,68.0,0.0,0.0,train->val
002179_2025-10-09,002179,2025-10-09,0,-0.0756282006853213,test,1094,1026.0,val,68.0,0.0,0.0,val->test
002180_2025-01-02,002180,2025-01-02,0,-0.0329670456576805,val,910,842.0,train,68.0,0.0,0.0,train->val
002180_2025-10-09,002180,2025-10-09,0,-0.110599072457288,test,1093,1025.0,val,68.0,0.0,0.0,val->test
002230_2025-01-02,002230,2025-01-02,0,-0.025269977439796,val,911,843.0,train,68.0,0.0,0.0,train->val
002230_2025-10-09,002230,2025-10-09,0,-0.1390006708767977,test,1094,1026.0,val,68.0,0.0,0.0,val->test
002236_2025-01-02,002236,2025-01-02,0,-0.0551948037769708,val,911,843.0,train,68.0,0.0,0.0,train->val
002236_2025-10-09,002236,2025-10-09,0,-0.1146226412279695,test,1094,1026.0,val,68.0,0.0,0.0,val->test
002241_2025-01-02,002241,2025-01-02,0,-0.0424849726076005,val,911,843.0,train,68.0,0.0,0.0,train->val
002241_2025-10-09,002241,2025-10-09,0,-0.2318767377677761,test,1094,1026.0,val,68.0,0.0,0.0,val->test
002252_2025-04-10,002252,2025-04-10,0,-0.0072568911140574,val,964,836.0,train,128.0,0.0,0.0,train->val
002252_2025-10-09,002252,2025-10-09,0,-0.0162241928685119,test,1084,1016.0,val,68.0,0.0,0.0,val->test
002304_2025-01-02,002304,2025-01-02,0,-0.0327263813144021,val,911,843.0,train,68.0,0.0,0.0,train->val
002304_2025-10-09,002304,2025-10-09,1,0.0380121321199957,test,1094,1026.0,val,68.0,0.0,0.0,val->test
002311_2025-01-02,002311,2025-01-02,0,-0.003974896692374,val,911,843.0,train,68.0,0.0,0.0,train->val
002311_2025-10-09,002311,2025-10-09,0,-0.08873016106638,test,1094,1026.0,val,68.0,0.0,0.0,val->test
002352_2025-01-02,002352,2025-01-02,1,0.0079324435772902,val,911,843.0,train,68.0,0.0,0.0,train->val
002352_2025-10-09,002352,2025-10-09,0,-0.0029666276800761,test,1094,1026.0,val,68.0,0.0,0.0,val->test
002371_2025-01-02,002371,2025-01-02,1,0.0160998931229954,val,911,843.0,train,68.0,0.0,0.0,train->val
002371_2025-10-09,002371,2025-10-09,0,-0.1263835826985865,test,1094,1026.0,val,68.0,0.0,0.0,val->test
002415_2025-01-02,002415,2025-01-02,0,-0.0652027013876125,val,911,843.0,train,68.0,0.0,0.0,train->val
002415_2025-10-09,002415,2025-10-09,0,-0.0529713840282963,test,1094,1026.0,val,68.0,0.0,0.0,val->test
002422_2025-01-02,002422,2025-01-02,0,-0.0549525118985477,val,911,843.0,train,68.0,0.0,0.0,train->val
002422_2025-10-09,002422,2025-10-09,1,0.0113699343070893,test,1094,1026.0,val,68.0,0.0,0.0,val->test
002459_2025-01-02,002459,2025-01-02,0,-0.0714817803902689,val,911,843.0,train,68.0,0.0,0.0,train->val
002459_2025-10-09,002459,2025-10-09,0,-0.0119224526017753,test,1094,1026.0,val,68.0,0.0,0.0,val->test
002460_2025-01-02,002460,2025-01-02,1,0.0079248579631317,val,911,843.0,train,68.0,0.0,0.0,train->val
002460_2025-10-09,002460,2025-10-09,0,-0.0937733308187709,test,1094,1026.0,val,68.0,0.0,0.0,val->test
002463_2025-01-02,002463,2025-01-02,1,0.0512289862563772,val,911,843.0,train,68.0,0.0,0.0,train->val
002463_2025-10-09,002463,2025-10-09,0,-0.0946585559247126,test,1094,1026.0,val,68.0,0.0,0.0,val->test
002466_2025-01-02,002466,2025-01-02,0,-0.0030873765095606,val,911,843.0,train,68.0,0.0,0.0,train->val
002466_2025-10-09,002466,2025-10-09,0,-0.1137736212905457,test,1094,1026.0,val,68.0,0.0,0.0,val->test
002475_2025-01-02,002475,2025-01-02,0,-0.0344299919007255,val,911,843.0,train,68.0,0.0,0.0,train->val
002475_2025-10-09,002475,2025-10-09,0,-0.1248085756196595,test,1094,1026.0,val,68.0,0.0,0.0,val->test
002493_2025-01-02,002493,2025-01-02,0,-0.0045662031727406,val,911,843.0,train,68.0,0.0,0.0,train->val
002493_2025-10-09,002493,2025-10-09,0,-0.0477157371629236,test,1094,1026.0,val,68.0,0.0,0.0,val->test
002594_2025-01-02,002594,2025-01-02,0,-0.0188122509521576,val,911,843.0,train,68.0,0.0,0.0,train->val
002594_2025-10-09,002594,2025-10-09,0,-0.0549728764915419,test,1094,1026.0,val,68.0,0.0,0.0,val->test
002600_2025-01-02,002600,2025-01-02,0,-0.04347830117888,val,911,843.0,train,68.0,0.0,0.0,train->val
002600_2025-10-09,002600,2025-10-09,0,-0.1629802131881878,test,1094,1026.0,val,68.0,0.0,0.0,val->test
002601_2025-01-02,002601,2025-01-02,0,-0.0296856767796147,val,911,843.0,train,68.0,0.0,0.0,train->val
002601_2025-10-09,002601,2025-10-09,0,-0.0386934723726927,test,1094,1026.0,val,68.0,0.0,0.0,val->test
002648_2025-01-02,002648,2025-01-02,1,0.0252281261153278,val,911,843.0,train,68.0,0.0,0.0,train->val
002648_2025-10-09,002648,2025-10-09,0,-0.0886075947614286,test,1094,1026.0,val,68.0,0.0,0.0,val->test
002709_2025-01-02,002709,2025-01-02,0,-0.0392572987795493,val,911,843.0,train,68.0,0.0,0.0,train->val
002709_2025-10-09,002709,2025-10-09,0,-0.1023459667353541,test,1094,1026.0,val,68.0,0.0,0.0,val->test
002714_2025-01-02,002714,2025-01-02,0,-0.0356477791770693,val,911,843.0,train,68.0,0.0,0.0,train->val
002714_2025-10-09,002714,2025-10-09,0,-0.0637661047174926,test,1094,1026.0,val,68.0,0.0,0.0,val->test
002736_2025-01-02,002736,2025-01-02,0,-0.035950805415809,val,901,816.0,train,85.0,0.0,0.0,train->val
002736_2025-10-09,002736,2025-10-09,1,0.0193164552278641,test,1084,1016.0,val,68.0,0.0,0.0,val->test
002916_2025-01-02,002916,2025-01-02,1,0.014161041952482,val,911,843.0,train,68.0,0.0,0.0,train->val
002916_2025-10-09,002916,2025-10-09,0,-0.1818296255110497,test,1094,1026.0,val,68.0,0.0,0.0,val->test
002920_2025-01-02,002920,2025-01-02,0,-0.0190196773725366,val,911,843.0,train,68.0,0.0,0.0,train->val
002920_2025-10-09,002920,2025-10-09,0,-0.1650778689871364,test,1094,1026.0,val,68.0,0.0,0.0,val->test
002938_2025-01-02,002938,2025-01-02,0,-0.0042134679569665,val,911,843.0,train,68.0,0.0,0.0,train->val
002938_2025-10-09,002938,2025-10-09,0,-0.1407948753341773,test,1094,1026.0,val,68.0,0.0,0.0,val->test
003816_2025-01-02,003816,2025-01-02,0,-0.0936710520752821,val,911,843.0,train,68.0,0.0,0.0,train->val
003816_2025-10-09,003816,2025-10-09,1,0.0471205298651227,test,1094,1026.0,val,68.0,0.0,0.0,val->test
300014_2025-01-02,300014,2025-01-02,0,-0.0412026722426079,val,911,843.0,train,68.0,0.0,0.0,train->val
300014_2025-10-09,300014,2025-10-09,0,-0.1526531523887659,test,1094,1026.0,val,68.0,0.0,0.0,val->test
300015_2025-01-02,300015,2025-01-02,0,-0.0330188694302143,val,911,843.0,train,68.0,0.0,0.0,train->val
300015_2025-10-09,300015,2025-10-09,0,-0.0336726704634892,test,1094,1026.0,val,68.0,0.0,0.0,val->test
300033_2025-01-02,300033,2025-01-02,0,-0.0548308724770392,val,911,843.0,train,68.0,0.0,0.0,train->val
300033_2025-10-09,300033,2025-10-09,0,-0.0859870100426454,test,1094,1026.0,val,68.0,0.0,0.0,val->test
300059_2025-01-02,300059,2025-01-02,0,-0.077949145554789,val,911,843.0,train,68.0,0.0,0.0,train->val
300059_2025-10-09,300059,2025-10-09,0,-0.0650224216556905,test,1094,1026.0,val,68.0,0.0,0.0,val->test
300122_2025-01-02,300122,2025-01-02,0,-0.0297147324537647,val,911,843.0,train,68.0,0.0,0.0,train->val
300122_2025-10-09,300122,2025-10-09,0,-0.0443702226151535,test,1094,1026.0,val,68.0,0.0,0.0,val->test
300124_2025-01-02,300124,2025-01-02,1,0.0364120784362859,val,911,843.0,train,68.0,0.0,0.0,train->val
300124_2025-10-09,300124,2025-10-09,0,-0.1166347996646742,test,1094,1026.0,val,68.0,0.0,0.0,val->test
300274_2025-01-02,300274,2025-01-02,0,-0.0033375041334526,val,911,843.0,train,68.0,0.0,0.0,train->val
300274_2025-10-09,300274,2025-10-09,0,-0.0645730636727806,test,1094,1026.0,val,68.0,0.0,0.0,val->test
300308_2025-01-02,300308,2025-01-02,0,-0.0926214067522354,val,911,843.0,train,68.0,0.0,0.0,train->val
300308_2025-10-09,300308,2025-10-09,1,0.0105062289243425,test,1094,1026.0,val,68.0,0.0,0.0,val->test
300316_2025-01-02,300316,2025-01-02,0,-0.0597359742613042,val,911,843.0,train,68.0,0.0,0.0,train->val
300316_2025-10-09,300316,2025-10-09,0,-0.1789318736212273,test,1094,1026.0,val,68.0,0.0,0.0,val->test
300347_2025-01-02,300347,2025-01-02,0,-0.0972550441402536,val,911,843.0,train,68.0,0.0,0.0,train->val
300347_2025-10-09,300347,2025-10-09,0,-0.0497276377244182,test,1094,1026.0,val,68.0,0.0,0.0,val->test
300394_2025-01-02,300394,2025-01-02,0,-0.0340947075210883,val,911,843.0,train,68.0,0.0,0.0,train->val
300394_2025-10-09,300394,2025-10-09,0,-0.0367682936303124,test,1094,1026.0,val,68.0,0.0,0.0,val->test
300408_2025-01-02,300408,2025-01-02,0,-0.0143127174768059,val,911,843.0,train,68.0,0.0,0.0,train->val
300408_2025-10-09,300408,2025-10-09,1,0.0277203186589303,test,1094,1026.0,val,68.0,0.0,0.0,val->test
300413_2025-01-02,300413,2025-01-02,0,-0.0243997007773432,val,911,843.0,train,68.0,0.0,0.0,train->val
300413_2025-10-09,300413,2025-10-09,0,-0.1114773772119338,test,1094,1026.0,val,68.0,0.0,0.0,val->test
300418_2025-01-02,300418,2025-01-02,0,-0.05595910653545,val,911,843.0,train,68.0,0.0,0.0,train->val
300418_2025-10-09,300418,2025-10-09,0,-0.1812725059923701,test,1094,1026.0,val,68.0,0.0,0.0,val->test
300433_2025-01-02,300433,2025-01-02,1,0.063273064172429,val,911,843.0,train,68.0,0.0,0.0,train->val
300433_2025-10-09,300433,2025-10-09,0,-0.1871863060093453,test,1094,1026.0,val,68.0,0.0,0.0,val->test
300442_2025-01-02,300442,2025-01-02,0,-0.005964218510469,val,911,843.0,train,68.0,0.0,0.0,train->val
300442_2025-10-09,300442,2025-10-09,0,-0.1556742858326614,test,1094,1026.0,val,68.0,0.0,0.0,val->test
300498_2025-01-02,300498,2025-01-02,0,-0.0246913350915822,val,911,843.0,train,68.0,0.0,0.0,train->val
300498_2025-10-09,300498,2025-10-09,0,-0.0212766114633315,test,1094,1026.0,val,68.0,0.0,0.0,val->test
300502_2025-01-02,300502,2025-01-02,0,-0.0280250286583454,val,911,843.0,train,68.0,0.0,0.0,train->val
300502_2025-10-09,300502,2025-10-09,0,-0.062394987713216,test,1094,1026.0,val,68.0,0.0,0.0,val->test
300628_2025-01-02,300628,2025-01-02,0,-0.0213333330878294,val,911,843.0,train,68.0,0.0,0.0,train->val
300628_2025-10-09,300628,2025-10-09,0,-0.0625835776870963,test,1094,1026.0,val,68.0,0.0,0.0,val->test
300661_2025-01-02,300661,2025-01-02,0,-0.0427427669938364,val,911,843.0,train,68.0,0.0,0.0,train->val
300661_2025-10-09,300661,2025-10-09,0,-0.138797557964749,test,1094,1026.0,val,68.0,0.0,0.0,val->test
300750_2025-01-02,300750,2025-01-02,0,-0.0458690783313865,val,911,843.0,train,68.0,0.0,0.0,train->val
300750_2025-10-09,300750,2025-10-09,0,-0.1058576702533984,test,1094,1026.0,val,68.0,0.0,0.0,val->test
300759_2025-01-02,300759,2025-01-02,0,-0.0301946940770619,val,911,843.0,train,68.0,0.0,0.0,train->val
300759_2025-10-09,300759,2025-10-09,0,-0.1342776357977236,test,1094,1026.0,val,68.0,0.0,0.0,val->test
300760_2025-01-02,300760,2025-01-02,0,-0.0661690514197638,val,911,843.0,train,68.0,0.0,0.0,train->val
300760_2025-10-09,300760,2025-10-09,0,-0.0997824712752028,test,1094,1026.0,val,68.0,0.0,0.0,val->test
300782_2025-01-02,300782,2025-01-02,0,-0.0915310218752646,val,911,843.0,train,68.0,0.0,0.0,train->val
300782_2025-10-09,300782,2025-10-09,0,-0.1172282845582632,test,1094,1026.0,val,68.0,0.0,0.0,val->test
300832_2025-01-02,300832,2025-01-02,0,-0.0779906527449418,val,911,843.0,train,68.0,0.0,0.0,train->val
300832_2025-10-09,300832,2025-10-09,0,-0.0767484100836024,test,1094,1026.0,val,68.0,0.0,0.0,val->test
300896_2025-01-02,300896,2025-01-02,0,-0.0396915407344928,val,911,843.0,train,68.0,0.0,0.0,train->val
300896_2025-10-09,300896,2025-10-09,0,-0.0742157177000561,test,1094,1026.0,val,68.0,0.0,0.0,val->test
300979_2025-01-02,300979,2025-01-02,0,-0.0459045904243244,val,895,827.0,train,68.0,0.0,0.0,train->val
300979_2025-10-09,300979,2025-10-09,0,-0.0414546951989058,test,1078,1010.0,val,68.0,0.0,0.0,val->test
300999_2025-01-02,300999,2025-01-02,0,-0.0381703077550207,val,911,843.0,train,68.0,0.0,0.0,train->val
300999_2025-10-09,300999,2025-10-09,0,-0.034832159666857,test,1094,1026.0,val,68.0,0.0,0.0,val->test
301236_2025-01-02,301236,2025-01-02,0,-0.0483170490331077,val,681,613.0,train,68.0,0.0,0.0,train->val
301236_2025-10-09,301236,2025-10-09,0,-0.0873925448408904,test,864,796.0,val,68.0,0.0,0.0,val->test
301269_2025-01-02,301269,2025-01-02,0,-0.0304035948657786,val,589,521.0,train,68.0,0.0,0.0,train->val
301269_2025-10-09,301269,2025-10-09,0,-0.0754817150730399,test,762,627.0,val,135.0,0.0,0.0,val->test
302132_2025-10-09,302132,2025-10-09,0,-0.0280363388172735,test,157,89.0,val,68.0,0.0,0.0,val->test
600000_2025-01-02,600000,2025-01-02,0,-0.0128331725209709,val,911,843.0,train,68.0,0.0,0.0,train->val
600000_2025-10-09,600000,2025-10-09,1,0.1008474601917185,test,1094,1026.0,val,68.0,0.0,0.0,val->test
600009_2025-01-02,600009,2025-01-02,0,-0.0273191164845692,val,900,832.0,train,68.0,0.0,0.0,train->val
600009_2025-10-09,600009,2025-10-09,0,-0.0162754895644083,test,1083,1015.0,val,68.0,0.0,0.0,val->test
600010_2025-01-02,600010,2025-01-02,0,-0.0110497942409581,val,911,843.0,train,68.0,0.0,0.0,train->val
600010_2025-10-09,600010,2025-10-09,1,0.0310077894035782,test,1094,1026.0,val,68.0,0.0,0.0,val->test
600011_2025-01-02,600011,2025-01-02,0,-0.0442072543307559,val,911,843.0,train,68.0,0.0,0.0,train->val
600011_2025-10-09,600011,2025-10-09,1,0.0288461284459545,test,1094,1026.0,val,68.0,0.0,0.0,val->test
600015_2025-01-02,600015,2025-01-02,0,-0.0412903092396681,val,911,843.0,train,68.0,0.0,0.0,train->val
600015_2025-10-09,600015,2025-10-09,1,0.0474731795723205,test,1094,1026.0,val,68.0,0.0,0.0,val->test
600016_2025-01-02,600016,2025-01-02,0,-0.0199501212456053,val,911,843.0,train,68.0,0.0,0.0,train->val
600016_2025-10-09,600016,2025-10-09,1,0.0278481101721774,test,1094,1026.0,val,68.0,0.0,0.0,val->test
600018_2025-01-02,600018,2025-01-02,0,-0.0652173913043478,val,911,843.0,train,68.0,0.0,0.0,train->val
600018_2025-10-09,600018,2025-10-09,1,0.0036164877410306,test,1094,1026.0,val,68.0,0.0,0.0,val->test
600019_2025-01-02,600019,2025-01-02,0,-0.0592485180229625,val,911,843.0,train,68.0,0.0,0.0,train->val
600019_2025-10-09,600019,2025-10-09,0,-0.0027856360407717,test,1094,1026.0,val,68.0,0.0,0.0,val->test
600023_2025-01-02,600023,2025-01-02,0,-0.0620439436758903,val,911,843.0,train,68.0,0.0,0.0,train->val
600023_2025-10-09,600023,2025-10-09,0,-5.963050554383486e-07,test,1094,1026.0,val,68.0,0.0,0.0,val->test
600025_2025-01-02,600025,2025-01-02,0,-0.0367567448356503,val,911,843.0,train,68.0,0.0,0.0,train->val
600025_2025-10-09,600025,2025-10-09,1,0.0470219730545286,test,1094,1026.0,val,68.0,0.0,0.0,val->test
600026_2025-01-02,600026,2025-01-02,1,0.1225749055727088,val,911,843.0,train,68.0,0.0,0.0,train->val
600026_2025-10-09,600026,2025-10-09,1,0.0741687279793549,test,1094,1026.0,val,68.0,0.0,0.0,val->test
600027_2025-01-02,600027,2025-01-02,0,-0.0776338988641986,val,900,791.0,train,109.0,0.0,0.0,train->val
600027_2025-10-09,600027,2025-10-09,1,0.0057582296544397,test,1083,1015.0,val,68.0,0.0,0.0,val->test
600028_2025-01-02,600028,2025-01-02,0,-0.053353682137786,val,911,843.0,train,68.0,0.0,0.0,train->val
600028_2025-10-09,600028,2025-10-09,1,0.0205223675597783,test,1094,1026.0,val,68.0,0.0,0.0,val->test
600029_2025-01-02,600029,2025-01-02,0,-0.0488959378639599,val,911,843.0,train,68.0,0.0,0.0,train->val
600029_2025-10-09,600029,2025-10-09,1,0.0696919751640416,test,1094,1026.0,val,68.0,0.0,0.0,val->test
600030_2025-01-02,600030,2025-01-02,0,-0.0342440804098252,val,905,837.0,train,68.0,0.0,0.0,train->val
600030_2025-10-09,600030,2025-10-09,0,-0.0141652599491401,test,1088,1020.0,val,68.0,0.0,0.0,val->test
600031_2025-01-02,600031,2025-01-02,0,-0.0291693081943258,val,911,843.0,train,68.0,0.0,0.0,train->val
600031_2025-10-09,600031,2025-10-09,0,-0.0322721020129355,test,1094,1026.0,val,68.0,0.0,0.0,val->test
600036_2025-01-02,600036,2025-01-02,1,0.0145416802196845,val,911,843.0,train,68.0,0.0,0.0,train->val
600036_2025-10-09,600036,2025-10-09,1,0.0270270352844678,test,1094,1026.0,val,68.0,0.0,0.0,val->test
600039_2025-01-02,600039,2025-01-02,0,-0.0070126251805706,val,900,832.0,train,68.0,0.0,0.0,train->val
600039_2025-10-09,600039,2025-10-09,1,0.0684931528004363,test,1083,1015.0,val,68.0,0.0,0.0,val->test
600048_2025-01-02,600048,2025-01-02,0,-0.0057603671836132,val,798,730.0,train,68.0,0.0,0.0,train->val
600048_2025-10-09,600048,2025-10-09,0,-0.0215736049938955,test,981,913.0,val,68.0,0.0,0.0,val->test
600050_2025-01-02,600050,2025-01-02,0,-0.0557769450431673,val,911,843.0,train,68.0,0.0,0.0,train->val
600050_2025-10-09,600050,2025-10-09,0,-0.0197131556763769,test,1094,1026.0,val,68.0,0.0,0.0,val->test
600061_2025-01-02,600061,2025-01-02,0,-0.0488145130668824,val,911,843.0,train,68.0,0.0,0.0,train->val
600061_2025-10-09,600061,2025-10-09,0,-0.0253807352615697,test,1094,1026.0,val,68.0,0.0,0.0,val->test
600066_2025-01-02,600066,2025-01-02,1,0.0368074393301373,val,910,842.0,train,68.0,0.0,0.0,train->val
600066_2025-10-09,600066,2025-10-09,1,0.0407871177031095,test,1093,1025.0,val,68.0,0.0,0.0,val->test
600085_2025-01-02,600085,2025-01-02,0,-0.0637168141643636,val,911,843.0,train,68.0,0.0,0.0,train->val
600085_2025-10-09,600085,2025-10-09,0,-0.0087412577945159,test,1094,1026.0,val,68.0,0.0,0.0,val->test
600089_2025-01-02,600089,2025-01-02,0,-0.0331715225481654,val,911,843.0,train,68.0,0.0,0.0,train->val
600089_2025-10-09,600089,2025-10-09,0,-0.0158324812677814,test,1094,1026.0,val,68.0,0.0,0.0,val->test
600104_2025-01-02,600104,2025-01-02,0,-0.1450341508061336,val,911,843.0,train,68.0,0.0,0.0,train->val
600104_2025-10-09,600104,2025-10-09,0,-0.0616438249729901,test,1094,1026.0,val,68.0,0.0,0.0,val->test
600111_2025-01-02,600111,2025-01-02,1,0.040019523224271,val,911,843.0,train,68.0,0.0,0.0,train->val
600111_2025-10-09,600111,2025-10-09,0,-0.0171277979154544,test,1094,1026.0,val,68.0,0.0,0.0,val->test
600115_2025-01-02,600115,2025-01-02,0,-0.0437015940325894,val,911,843.0,train,68.0,0.0,0.0,train->val
600115_2025-10-09,600115,2025-10-09,1,0.1327011919280712,test,1094,1026.0,val,68.0,0.0,0.0,val->test
600150_2025-01-02,600150,2025-01-02,0,-0.0697136196758244,val,901,824.0,train,77.0,0.0,0.0,train->val
600150_2025-11-19,600150,2025-11-19,0,-0.0174385294574593,test,1109,1012.0,val,97.0,0.0,0.0,val->test
600160_2025-01-02,600160,2025-01-02,1,0.0275689221620444,val,911,843.0,train,68.0,0.0,0.0,train->val
600160_2025-10-09,600160,2025-10-09,0,-0.1328839667958563,test,1094,1026.0,val,68.0,0.0,0.0,val->test
600161_2025-01-02,600161,2025-01-02,0,-0.0529179047567531,val,911,843.0,train,68.0,0.0,0.0,train->val
600161_2025-10-09,600161,2025-10-09,0,-0.0145228246453276,test,1094,1026.0,val,68.0,0.0,0.0,val->test
600176_2025-01-02,600176,2025-01-02,1,0.0036496265515528,val,911,843.0,train,68.0,0.0,0.0,train->val
600176_2025-10-09,600176,2025-10-09,0,-0.0964139870081677,test,1094,1026.0,val,68.0,0.0,0.0,val->test
600183_2025-01-02,600183,2025-01-02,1,0.0507030216502548,val,911,843.0,train,68.0,0.0,0.0,train->val
600183_2025-10-09,600183,2025-10-09,0,-0.0151187900196503,test,1094,1026.0,val,68.0,0.0,0.0,val->test
600188_2025-01-02,600188,2025-01-02,0,-0.0472040702969496,val,911,843.0,train,68.0,0.0,0.0,train->val
600188_2025-10-09,600188,2025-10-09,1,0.1347985288008281,test,1094,1026.0,val,68.0,0.0,0.0,val->test
600196_2025-01-02,600196,2025-01-02,0,-0.0384930408019917,val,911,843.0,train,68.0,0.0,0.0,train->val
600196_2025-10-09,600196,2025-10-09,0,-0.0214477236805181,test,1094,1026.0,val,68.0,0.0,0.0,val->test
600219_2025-01-02,600219,2025-01-02,1,0.0025575023162732,val,911,843.0,train,68.0,0.0,0.0,train->val
600219_2025-10-09,600219,2025-10-09,0,-0.0219511948004623,test,1094,1026.0,val,68.0,0.0,0.0,val->test
600233_2025-01-02,600233,2025-01-02,0,-0.0247092893882526,val,911,843.0,train,68.0,0.0,0.0,train->val
600233_2025-10-09,600233,2025-10-09,0,-0.0706012167235069,test,1094,1026.0,val,68.0,0.0,0.0,val->test
600276_2025-01-02,600276,2025-01-02,0,-0.047608453529002,val,911,843.0,train,68.0,0.0,0.0,train->val
600276_2025-10-09,600276,2025-10-09,0,-0.0846099788476179,test,1094,1026.0,val,68.0,0.0,0.0,val->test
600309_2025-01-02,600309,2025-01-02,0,-0.0434595520363127,val,911,843.0,train,68.0,0.0,0.0,train->val
600309_2025-10-09,600309,2025-10-09,0,-0.1014321572256642,test,1094,1026.0,val,68.0,0.0,0.0,val->test
600332_2025-01-02,600332,2025-01-02,0,-0.0323283644846182,val,911,843.0,train,68.0,0.0,0.0,train->val
600332_2025-10-09,600332,2025-10-09,0,-0.0007803460600671,test,1094,1026.0,val,68.0,0.0,0.0,val->test
600346_2025-01-02,600346,2025-01-02,0,-0.0066934386236171,val,911,843.0,train,68.0,0.0,0.0,train->val
600346_2025-10-09,600346,2025-10-09,0,-0.0670871523488673,test,1094,1026.0,val,68.0,0.0,0.0,val->test
600362_2025-01-02,600362,2025-01-02,1,0.0306324584484627,val,911,843.0,train,68.0,0.0,0.0,train->val
600362_2025-10-09,600362,2025-10-09,0,-0.0468749849091359,test,1094,1026.0,val,68.0,0.0,0.0,val->test
600372_2025-01-02,600372,2025-01-02,0,-0.0531197591245564,val,893,825.0,train,68.0,0.0,0.0,train->val
600372_2025-10-09,600372,2025-10-09,0,-0.0339116373263398,test,1076,1008.0,val,68.0,0.0,0.0,val->test
600377_2025-01-02,600377,2025-01-02,0,-0.0191799561151205,val,911,843.0,train,68.0,0.0,0.0,train->val
600377_2025-10-09,600377,2025-10-09,1,0.0774760274159106,test,1094,1026.0,val,68.0,0.0,0.0,val->test
600406_2025-01-02,600406,2025-01-02,0,-0.0421139543819814,val,911,843.0,train,68.0,0.0,0.0,train->val
600406_2025-10-09,600406,2025-10-09,0,-0.0106929003535648,test,1094,1026.0,val,68.0,0.0,0.0,val->test
600415_2025-01-02,600415,2025-01-02,0,-0.0473328326709808,val,911,843.0,train,68.0,0.0,0.0,train->val
600415_2025-10-09,600415,2025-10-09,1,0.0576289782403339,test,1094,1026.0,val,68.0,0.0,0.0,val->test
600426_2025-01-02,600426,2025-01-02,0,-0.0260663531365818,val,911,843.0,train,68.0,0.0,0.0,train->val
600426_2025-10-09,600426,2025-10-09,0,-0.0960178693278606,test,1094,1026.0,val,68.0,0.0,0.0,val->test
600436_2025-01-02,600436,2025-01-02,0,-0.0194202616319622,val,911,843.0,train,68.0,0.0,0.0,train->val
600436_2025-10-09,600436,2025-10-09,0,-0.0464808117509382,test,1094,1026.0,val,68.0,0.0,0.0,val->test
600438_2025-01-02,600438,2025-01-02,0,-0.0864644586798743,val,911,843.0,train,68.0,0.0,0.0,train->val
600438_2025-10-09,600438,2025-10-09,1,0.0145374474314783,test,1094,1026.0,val,68.0,0.0,0.0,val->test
600460_2025-01-02,600460,2025-01-02,0,-0.012955466052914,val,910,842.0,train,68.0,0.0,0.0,train->val
600460_2025-10-09,600460,2025-10-09,0,-0.0003073129906001,test,1093,1025.0,val,68.0,0.0,0.0,val->test
600482_2025-02-12,600482,2025-02-12,0,-0.0570824533386778,val,924,833.0,train,91.0,0.0,0.0,train->val
600482_2025-10-09,600482,2025-10-09,0,-0.0627977420126272,test,1084,1016.0,val,68.0,0.0,0.0,val->test
600489_2025-01-02,600489,2025-01-02,1,0.04390243461496,val,911,843.0,train,68.0,0.0,0.0,train->val
600489_2025-10-09,600489,2025-10-09,0,-0.0203150898156626,test,1094,1026.0,val,68.0,0.0,0.0,val->test
600515_2025-01-02,600515,2025-01-02,0,-0.0385674956680846,val,540,472.0,train,68.0,0.0,0.0,train->val
600515_2025-10-09,600515,2025-10-09,1,0.1453201608352516,test,723,655.0,val,68.0,0.0,0.0,val->test
600519_2025-01-02,600519,2025-01-02,0,-0.0295833331444556,val,911,843.0,train,68.0,0.0,0.0,train->val
600519_2025-10-09,600519,2025-10-09,1,0.0147204164595454,test,1094,1026.0,val,68.0,0.0,0.0,val->test
600547_2025-01-02,600547,2025-01-02,1,0.060043196187268,val,911,843.0,train,68.0,0.0,0.0,train->val
600547_2025-10-09,600547,2025-10-09,0,-0.122977345083645,test,1094,1026.0,val,68.0,0.0,0.0,val->test
600570_2025-01-02,600570,2025-01-02,0,-0.043149129105722,val,911,843.0,train,68.0,0.0,0.0,train->val
600570_2025-10-09,600570,2025-10-09,0,-0.1149165014689256,test,1094,1026.0,val,68.0,0.0,0.0,val->test
600584_2025-01-02,600584,2025-01-02,1,0.0175255025683681,val,906,838.0,train,68.0,0.0,0.0,train->val
600584_2025-10-09,600584,2025-10-09,0,-0.1576595801142895,test,1089,1021.0,val,68.0,0.0,0.0,val->test
600585_2025-01-02,600585,2025-01-02,1,0.0197002051161362,val,911,843.0,train,68.0,0.0,0.0,train->val
600585_2025-10-09,600585,2025-10-09,1,0.0088795085837599,test,1094,1026.0,val,68.0,0.0,0.0,val->test
600588_2025-01-02,600588,2025-01-02,0,-0.0265486718217461,val,911,843.0,train,68.0,0.0,0.0,train->val
600588_2025-10-09,600588,2025-10-09,0,-0.1216381420642032,test,1094,1026.0,val,68.0,0.0,0.0,val->test
600600_2025-01-02,600600,2025-01-02,0,-0.065244683367548,val,911,843.0,train,68.0,0.0,0.0,train->val
600600_2025-10-09,600600,2025-10-09,1,0.0169720753713373,test,1094,1026.0,val,68.0,0.0,0.0,val->test
600660_2025-01-02,600660,2025-01-02,0,-0.0124069475879735,val,911,843.0,train,68.0,0.0,0.0,train->val
600660_2025-10-09,600660,2025-10-09,0,-0.08778594124199,test,1094,1026.0,val,68.0,0.0,0.0,val->test
600674_2025-01-02,600674,2025-01-02,0,-0.0617505956970866,val,911,843.0,train,68.0,0.0,0.0,train->val
600674_2025-10-09,600674,2025-10-09,1,0.0241379314035537,test,1094,1026.0,val,68.0,0.0,0.0,val->test
600690_2025-01-02,600690,2025-01-02,0,-0.0354609936183157,val,911,843.0,train,68.0,0.0,0.0,train->val
600690_2025-10-09,600690,2025-10-09,0,-0.013757862953797,test,1094,1026.0,val,68.0,0.0,0.0,val->test
600741_2025-01-02,600741,2025-01-02,0,-0.0791618134525336,val,911,843.0,train,68.0,0.0,0.0,train->val
600741_2025-10-09,600741,2025-10-09,0,-0.0883458632325646,test,1094,1026.0,val,68.0,0.0,0.0,val->test
600760_2025-01-02,600760,2025-01-02,0,-0.0287665562188666,val,911,843.0,train,68.0,0.0,0.0,train->val
600760_2025-10-09,600760,2025-10-09,0,-0.0940879069884876,test,1094,1026.0,val,68.0,0.0,0.0,val->test
600795_2025-01-02,600795,2025-01-02,0,-0.0451467273873838,val,911,843.0,train,68.0,0.0,0.0,train->val
600795_2025-10-09,600795,2025-10-09,0,-0.01353965168676,test,1094,1026.0,val,68.0,0.0,0.0,val->test
600803_2025-01-02,600803,2025-01-02,0,-0.0607787260477749,val,906,838.0,train,68.0,0.0,0.0,train->val
600803_2025-10-09,600803,2025-10-09,1,0.0054259024312576,test,1083,1015.0,val,68.0,0.0,0.0,val->test
600809_2025-01-02,600809,2025-01-02,0,-0.0248342506686905,val,911,843.0,train,68.0,0.0,0.0,train->val
600809_2025-10-09,600809,2025-10-09,1,0.0061978036508465,test,1094,1026.0,val,68.0,0.0,0.0,val->test
600845_2025-01-02,600845,2025-01-02,0,-0.0258992828124153,val,910,842.0,train,68.0,0.0,0.0,train->val
600845_2025-10-09,600845,2025-10-09,0,-0.0513141414768317,test,1093,1025.0,val,68.0,0.0,0.0,val->test
600875_2025-01-02,600875,2025-01-02,0,-0.0586666812926417,val,911,843.0,train,68.0,0.0,0.0,train->val
600875_2025-10-09,600875,2025-10-09,0,-0.0508953798630261,test,1094,1026.0,val,68.0,0.0,0.0,val->test
600886_2025-01-02,600886,2025-01-02,0,-0.077114429281565,val,911,843.0,train,68.0,0.0,0.0,train->val
600886_2025-10-09,600886,2025-10-09,1,0.0557206556679579,test,1094,1026.0,val,68.0,0.0,0.0,val->test
600887_2025-01-02,600887,2025-01-02,0,-0.0375507440961178,val,911,843.0,train,68.0,0.0,0.0,train->val
600887_2025-10-09,600887,2025-10-09,0,-0.0057908071243829,test,1094,1026.0,val,68.0,0.0,0.0,val->test
600893_2025-01-02,600893,2025-01-02,0,-0.0377264868596744,val,911,843.0,train,68.0,0.0,0.0,train->val
600893_2025-10-09,600893,2025-10-09,0,-0.0563512553468707,test,1094,1026.0,val,68.0,0.0,0.0,val->test
600900_2025-01-02,600900,2025-01-02,0,-0.0133561437703843,val,900,832.0,train,68.0,0.0,0.0,train->val
600900_2025-10-09,600900,2025-10-09,1,0.013367057726248,test,1083,1015.0,val,68.0,0.0,0.0,val->test
600905_2025-01-02,600905,2025-01-02,0,-0.0258824442909797,val,865,797.0,train,68.0,0.0,0.0,train->val
600905_2025-10-09,600905,2025-10-09,0,-0.01152077980011,test,1048,980.0,val,68.0,0.0,0.0,val->test
600918_2025-01-02,600918,2025-01-02,0,-0.0379746935587689,val,911,843.0,train,68.0,0.0,0.0,train->val
600918_2025-10-09,600918,2025-10-09,0,-0.0391609183827602,test,1094,1026.0,val,68.0,0.0,0.0,val->test
600919_2025-01-02,600919,2025-01-02,0,-0.0246917782227239,val,911,843.0,train,68.0,0.0,0.0,train->val
600919_2025-10-09,600919,2025-10-09,1,0.0800801449498784,test,1094,1026.0,val,68.0,0.0,0.0,val->test
600926_2025-01-02,600926,2025-01-02,0,-0.0125347986529704,val,911,843.0,train,68.0,0.0,0.0,train->val
600926_2025-10-09,600926,2025-10-09,1,0.0740498008222548,test,1094,1026.0,val,68.0,0.0,0.0,val->test
600938_2025-01-02,600938,2025-01-02,0,-0.0017312740271014,val,656,588.0,train,68.0,0.0,0.0,train->val
600938_2025-10-09,600938,2025-10-09,0,-0.0139782278566516,test,839,771.0,val,68.0,0.0,0.0,val->test
600941_2025-01-02,600941,2025-01-02,0,-0.0573913018979129,val,725,657.0,train,68.0,0.0,0.0,train->val
600941_2025-10-09,600941,2025-10-09,1,0.0221927266598818,test,908,840.0,val,68.0,0.0,0.0,val->test
600958_2025-01-02,600958,2025-01-02,0,-0.0459999726609178,val,905,837.0,train,68.0,0.0,0.0,train->val
600958_2025-10-09,600958,2025-10-09,0,-0.0219106228619118,test,1088,1020.0,val,68.0,0.0,0.0,val->test
600989_2025-01-02,600989,2025-01-02,1,0.01088261924823,val,911,843.0,train,68.0,0.0,0.0,train->val
600989_2025-10-09,600989,2025-10-09,0,-0.0736841906982833,test,1094,1026.0,val,68.0,0.0,0.0,val->test
600999_2025-01-02,600999,2025-01-02,0,-0.0472267878481521,val,911,843.0,train,68.0,0.0,0.0,train->val
600999_2025-10-09,600999,2025-10-09,0,-0.0046838422384007,test,1094,1026.0,val,68.0,0.0,0.0,val->test
601009_2025-01-02,601009,2025-01-02,0,-0.0047801492792514,val,911,843.0,train,68.0,0.0,0.0,train->val
601009_2025-10-09,601009,2025-10-09,1,0.0636531619684505,test,1094,1026.0,val,68.0,0.0,0.0,val->test
601012_2025-01-02,601012,2025-01-02,0,-0.0518470524082455,val,911,843.0,train,68.0,0.0,0.0,train->val
601012_2025-10-09,601012,2025-10-09,1,0.0095339011650228,test,1094,1026.0,val,68.0,0.0,0.0,val->test
601021_2025-01-02,601021,2025-01-02,0,-0.0448028646214533,val,911,843.0,train,68.0,0.0,0.0,train->val
601021_2025-10-09,601021,2025-10-09,1,0.0243847262052821,test,1094,1026.0,val,68.0,0.0,0.0,val->test
601058_2025-01-02,601058,2025-01-02,1,0.021536238320855,val,911,843.0,train,68.0,0.0,0.0,train->val
601058_2025-10-09,601058,2025-10-09,0,-0.0383036973132641,test,1094,1026.0,val,68.0,0.0,0.0,val->test
601059_2025-01-02,601059,2025-01-02,0,-0.0567625118045146,val,468,400.0,train,68.0,0.0,0.0,train->val
601059_2025-10-09,601059,2025-10-09,1,0.0284090756479616,test,651,583.0,val,68.0,0.0,0.0,val->test
601066_2025-01-02,601066,2025-01-02,0,-0.032666379474029,val,911,843.0,train,68.0,0.0,0.0,train->val
601066_2025-10-09,601066,2025-10-09,0,-0.0257175360274725,test,1094,1026.0,val,68.0,0.0,0.0,val->test
601077_2025-01-02,601077,2025-01-02,0,-0.0236088127650826,val,911,843.0,train,68.0,0.0,0.0,train->val
601077_2025-10-09,601077,2025-10-09,1,0.1085270873142918,test,1094,1026.0,val,68.0,0.0,0.0,val->test
601088_2025-01-02,601088,2025-01-02,0,-0.086874873164866,val,911,843.0,train,68.0,0.0,0.0,train->val
601088_2025-11-18,601088,2025-11-18,0,-0.0109759085111018,test,1112,1016.0,val,96.0,0.0,0.0,val->test
601100_2025-01-02,601100,2025-01-02,1,0.0083381788530727,val,911,843.0,train,68.0,0.0,0.0,train->val
601100_2025-10-09,601100,2025-10-09,0,-0.1231730751908619,test,1094,1026.0,val,68.0,0.0,0.0,val->test
601117_2025-01-02,601117,2025-01-02,0,-0.0687898345572873,val,911,843.0,train,68.0,0.0,0.0,train->val
601117_2025-10-09,601117,2025-10-09,0,-0.028833444583385,test,1094,1026.0,val,68.0,0.0,0.0,val->test
601127_2025-01-02,601127,2025-01-02,1,0.026917692058766,val,911,843.0,train,68.0,0.0,0.0,train->val
601127_2025-10-09,601127,2025-10-09,0,-0.0268750041836041,test,1094,1026.0,val,68.0,0.0,0.0,val->test
601136_2025-01-02,601136,2025-01-02,0,-0.0774008790935141,val,491,423.0,train,68.0,0.0,0.0,train->val
601136_2025-10-09,601136,2025-10-09,0,-0.047534490303177,test,674,606.0,val,68.0,0.0,0.0,val->test
601138_2025-01-02,601138,2025-01-02,0,-0.0478030379519707,val,911,843.0,train,68.0,0.0,0.0,train->val
601138_2025-10-09,601138,2025-10-09,0,-0.0933528267593348,test,1094,1026.0,val,68.0,0.0,0.0,val->test
601166_2025-01-02,601166,2025-01-02,1,0.0195560364160891,val,911,843.0,train,68.0,0.0,0.0,train->val
601166_2025-10-09,601166,2025-10-09,1,0.02999492375151,test,1094,1026.0,val,68.0,0.0,0.0,val->test
601169_2025-01-02,601169,2025-01-02,0,-0.0265780624439736,val,911,843.0,train,68.0,0.0,0.0,train->val
601169_2025-10-09,601169,2025-10-09,1,0.0512820814788044,test,1094,1026.0,val,68.0,0.0,0.0,val->test
601186_2025-01-02,601186,2025-01-02,0,-0.047781620442628,val,911,843.0,train,68.0,0.0,0.0,train->val
601186_2025-10-09,601186,2025-10-09,0,-0.011180120828635,test,1094,1026.0,val,68.0,0.0,0.0,val->test
601211_2025-01-03,601211,2025-01-03,1,0.0102447338218392,val,895,826.0,train,69.0,0.0,0.0,train->val
601211_2025-10-09,601211,2025-10-09,1,0.0026752428531957,test,1075,1007.0,val,68.0,0.0,0.0,val->test
601225_2025-01-02,601225,2025-01-02,0,-0.0436850715311238,val,911,843.0,train,68.0,0.0,0.0,train->val
601225_2025-10-09,601225,2025-10-09,1,0.1214496055895431,test,1094,1026.0,val,68.0,0.0,0.0,val->test
601229_2025-01-02,601229,2025-01-02,0,-0.0289210074090344,val,911,843.0,train,68.0,0.0,0.0,train->val
601229_2025-10-09,601229,2025-10-09,1,0.0736598144482926,test,1094,1026.0,val,68.0,0.0,0.0,val->test
601236_2025-01-02,601236,2025-01-02,0,-0.0100248076079361,val,905,837.0,train,68.0,0.0,0.0,train->val
601236_2025-10-09,601236,2025-10-09,0,-0.0514472354017219,test,1088,1020.0,val,68.0,0.0,0.0,val->test
601238_2025-01-02,601238,2025-01-02,0,-0.0626399724253821,val,911,843.0,train,68.0,0.0,0.0,train->val
601238_2025-10-09,601238,2025-10-09,1,0.0091145954436231,test,1094,1026.0,val,68.0,0.0,0.0,val->test
601288_2025-01-02,601288,2025-01-02,0,-0.0326931963789868,val,911,843.0,train,68.0,0.0,0.0,train->val
601288_2025-10-09,601288,2025-10-09,1,0.1567162708836818,test,1094,1026.0,val,68.0,0.0,0.0,val->test
601298_2025-01-02,601298,2025-01-02,0,-0.0466666229628999,val,905,782.0,train,123.0,0.0,0.0,train->val
601298_2025-10-09,601298,2025-10-09,1,0.0152761690470266,test,1088,1020.0,val,68.0,0.0,0.0,val->test
601318_2025-01-02,601318,2025-01-02,0,-0.0418063531204069,val,911,843.0,train,68.0,0.0,0.0,train->val
601318_2025-10-09,601318,2025-10-09,1,0.051962215032953,test,1094,1026.0,val,68.0,0.0,0.0,val->test
601319_2025-01-02,601319,2025-01-02,0,-0.0763897839545954,val,911,843.0,train,68.0,0.0,0.0,train->val
601319_2025-10-09,601319,2025-10-09,1,0.0864041789311373,test,1094,1026.0,val,68.0,0.0,0.0,val->test
601328_2025-01-02,601328,2025-01-02,0,-0.0345286046055025,val,911,843.0,train,68.0,0.0,0.0,train->val
601328_2025-10-09,601328,2025-10-09,1,0.0372023718474532,test,1094,1026.0,val,68.0,0.0,0.0,val->test
601336_2025-01-02,601336,2025-01-02,0,-0.051797030000525,val,911,843.0,train,68.0,0.0,0.0,train->val
601336_2025-10-09,601336,2025-10-09,1,0.0890544072125006,test,1094,1026.0,val,68.0,0.0,0.0,val->test
601360_2025-01-02,601360,2025-01-02,0,-0.0352114199286777,val,911,843.0,train,68.0,0.0,0.0,train->val
601360_2025-10-09,601360,2025-10-09,0,-0.1118759841919982,test,1094,1026.0,val,68.0,0.0,0.0,val->test
601377_2025-01-02,601377,2025-01-02,0,-0.0368508469462082,val,905,837.0,train,68.0,0.0,0.0,train->val
601377_2025-10-09,601377,2025-10-09,0,-0.0197568133860272,test,1088,1020.0,val,68.0,0.0,0.0,val->test
601390_2025-01-02,601390,2025-01-02,0,-0.0475408110705386,val,911,843.0,train,68.0,0.0,0.0,train->val
601390_2025-10-09,601390,2025-10-09,0,-0.0327022422614492,test,1094,1026.0,val,68.0,0.0,0.0,val->test
601398_2025-01-02,601398,2025-01-02,0,-0.0294117562046474,val,911,843.0,train,68.0,0.0,0.0,train->val
601398_2025-10-09,601398,2025-10-09,1,0.0410396584411146,test,1094,1026.0,val,68.0,0.0,0.0,val->test
601600_2025-01-02,601600,2025-01-02,1,0.0319442571351864,val,911,843.0,train,68.0,0.0,0.0,train->val
601600_2025-10-09,601600,2025-10-09,0,-0.0357145860798612,test,1094,1026.0,val,68.0,0.0,0.0,val->test
601601_2025-01-02,601601,2025-01-02,0,-0.0517188357181078,val,911,843.0,train,68.0,0.0,0.0,train->val
601601_2025-10-09,601601,2025-10-09,1,0.0627866695394005,test,1094,1026.0,val,68.0,0.0,0.0,val->test
601607_2025-01-02,601607,2025-01-02,0,-0.0349514577314118,val,911,843.0,train,68.0,0.0,0.0,train->val
601607_2025-10-09,601607,2025-10-09,0,-0.004920720599547,test,1094,1026.0,val,68.0,0.0,0.0,val->test
601618_2025-01-02,601618,2025-01-02,0,-0.0379749599443287,val,911,843.0,train,68.0,0.0,0.0,train->val
601618_2025-10-09,601618,2025-10-09,0,-0.1135266406455504,test,1094,1026.0,val,68.0,0.0,0.0,val->test
601628_2025-01-02,601628,2025-01-02,0,-0.0600201147254576,val,911,843.0,train,68.0,0.0,0.0,train->val
601628_2025-10-09,601628,2025-10-09,1,0.0726897894250825,test,1094,1026.0,val,68.0,0.0,0.0,val->test
601633_2025-01-02,601633,2025-01-02,0,-0.0197941351041196,val,911,843.0,train,68.0,0.0,0.0,train->val
601633_2025-10-09,601633,2025-10-09,0,-0.0715151371001332,test,1094,1026.0,val,68.0,0.0,0.0,val->test
601658_2025-01-02,601658,2025-01-02,0,-0.0507249842481369,val,911,843.0,train,68.0,0.0,0.0,train->val
601658_2025-10-09,601658,2025-10-09,0,-0.003508783010192,test,1094,1026.0,val,68.0,0.0,0.0,val->test
601668_2025-01-02,601668,2025-01-02,0,-0.0567011568215677,val,911,843.0,train,68.0,0.0,0.0,train->val
601668_2025-10-09,601668,2025-10-09,1,0.0071943056043383,test,1094,1026.0,val,68.0,0.0,0.0,val->test
601669_2025-01-02,601669,2025-01-02,0,-0.0462428113206129,val,911,843.0,train,68.0,0.0,0.0,train->val
601669_2025-10-09,601669,2025-10-09,0,-0.0275860701526918,test,1094,1026.0,val,68.0,0.0,0.0,val->test
601688_2025-01-02,601688,2025-01-02,0,-0.0273646196543568,val,911,843.0,train,68.0,0.0,0.0,train->val
601688_2025-10-09,601688,2025-10-09,0,-0.0352678826931011,test,1094,1026.0,val,68.0,0.0,0.0,val->test
601689_2025-01-02,601689,2025-01-02,1,0.1134409752402484,val,911,843.0,train,68.0,0.0,0.0,train->val
601689_2025-10-09,601689,2025-10-09,0,-0.1437735898114875,test,1094,1026.0,val,68.0,0.0,0.0,val->test
601698_2025-01-02,601698,2025-01-02,0,-0.0341662425195465,val,911,843.0,train,68.0,0.0,0.0,train->val
601698_2025-10-09,601698,2025-10-09,0,-0.0345303249924045,test,1094,1026.0,val,68.0,0.0,0.0,val->test
601728_2025-01-02,601728,2025-01-02,0,-0.0393812696211901,val,815,747.0,train,68.0,0.0,0.0,train->val
601728_2025-10-09,601728,2025-10-09,1,0.013313658704359,test,998,930.0,val,68.0,0.0,0.0,val->test
601766_2025-01-02,601766,2025-01-02,0,-0.0703517120775083,val,911,843.0,train,68.0,0.0,0.0,train->val
601766_2025-10-09,601766,2025-10-09,0,-0.0141204219861993,test,1094,1026.0,val,68.0,0.0,0.0,val->test
601788_2025-01-02,601788,2025-01-02,0,-0.0259965625306364,val,911,843.0,train,68.0,0.0,0.0,train->val
601788_2025-10-09,601788,2025-10-09,1,0.0031645355977159,test,1094,1026.0,val,68.0,0.0,0.0,val->test
601799_2025-01-02,601799,2025-01-02,1,0.0246215030204233,val,911,843.0,train,68.0,0.0,0.0,train->val
601799_2025-10-09,601799,2025-10-09,0,-0.0324115943559737,test,1094,1026.0,val,68.0,0.0,0.0,val->test
601800_2025-01-02,601800,2025-01-02,0,-0.0553320125988891,val,911,843.0,train,68.0,0.0,0.0,train->val
601800_2025-10-09,601800,2025-10-09,0,-0.0234899088627597,test,1094,1026.0,val,68.0,0.0,0.0,val->test
601808_2025-01-02,601808,2025-01-02,0,-0.0126498145394271,val,911,843.0,train,68.0,0.0,0.0,train->val
601808_2025-10-09,601808,2025-10-09,0,-0.0007272052887657,test,1094,1026.0,val,68.0,0.0,0.0,val->test
601816_2025-01-02,601816,2025-01-02,0,-0.056384920615836,val,911,843.0,train,68.0,0.0,0.0,train->val
601816_2025-10-09,601816,2025-10-09,1,0.0058252676030849,test,1094,1026.0,val,68.0,0.0,0.0,val->test
601818_2025-01-02,601818,2025-01-02,0,-0.0321714854546268,val,911,843.0,train,68.0,0.0,0.0,train->val
601818_2025-10-09,601818,2025-10-09,1,0.0327382360775665,test,1094,1026.0,val,68.0,0.0,0.0,val->test
601825_2025-01-02,601825,2025-01-02,0,-0.0313253804618059,val,816,748.0,train,68.0,0.0,0.0,train->val
601825_2025-10-09,601825,2025-10-09,1,0.0825122709843192,test,999,931.0,val,68.0,0.0,0.0,val->test
601838_2025-01-02,601838,2025-01-02,0,-0.0065514880768385,val,911,843.0,train,68.0,0.0,0.0,train->val
601838_2025-10-09,601838,2025-10-09,1,0.0628966191061305,test,1094,1026.0,val,68.0,0.0,0.0,val->test
601857_2025-01-02,601857,2025-01-02,1,0.0114025700509643,val,911,843.0,train,68.0,0.0,0.0,train->val
601857_2025-10-09,601857,2025-10-09,1,0.0410628477334605,test,1094,1026.0,val,68.0,0.0,0.0,val->test
601865_2025-01-02,601865,2025-01-02,0,-0.0798969254172166,val,911,843.0,train,68.0,0.0,0.0,train->val
601865_2025-10-09,601865,2025-10-09,0,-0.091406644389273,test,1094,1026.0,val,68.0,0.0,0.0,val->test
601868_2025-01-02,601868,2025-01-02,0,-0.0180180342504813,val,790,722.0,train,68.0,0.0,0.0,train->val
601868_2025-10-09,601868,2025-10-09,0,-0.0080645258845071,test,973,905.0,val,68.0,0.0,0.0,val->test
601872_2025-01-02,601872,2025-01-02,1,0.0694667258698488,val,911,843.0,train,68.0,0.0,0.0,train->val
601872_2025-10-09,601872,2025-10-09,1,0.0552221564175004,test,1094,1026.0,val,68.0,0.0,0.0,val->test
601877_2025-01-02,601877,2025-01-02,0,-0.0753879781994899,val,911,843.0,train,68.0,0.0,0.0,train->val
601877_2025-10-09,601877,2025-10-09,0,-0.1075870599017186,test,1094,1026.0,val,68.0,0.0,0.0,val->test
601878_2025-01-02,601878,2025-01-02,0,-0.0376712196823429,val,911,843.0,train,68.0,0.0,0.0,train->val
601878_2025-10-09,601878,2025-10-09,0,-0.0214960714755253,test,1094,1026.0,val,68.0,0.0,0.0,val->test
601881_2025-01-02,601881,2025-01-02,0,-0.046034045043106,val,911,843.0,train,68.0,0.0,0.0,train->val
601881_2025-10-09,601881,2025-10-09,0,-0.0039259294406176,test,1094,1026.0,val,68.0,0.0,0.0,val->test
601888_2025-01-02,601888,2025-01-02,0,-0.0700154519993425,val,911,843.0,train,68.0,0.0,0.0,train->val
601888_2025-10-09,601888,2025-10-09,1,0.0094745825484396,test,1094,1026.0,val,68.0,0.0,0.0,val->test
601898_2025-01-02,601898,2025-01-02,0,-0.0553226670100061,val,911,843.0,train,68.0,0.0,0.0,train->val
601898_2025-10-09,601898,2025-10-09,1,0.1700854743224892,test,1094,1026.0,val,68.0,0.0,0.0,val->test
601899_2025-01-02,601899,2025-01-02,1,0.0803688830214731,val,911,843.0,train,68.0,0.0,0.0,train->val
601899_2025-10-09,601899,2025-10-09,0,-0.081222954509901,test,1094,1026.0,val,68.0,0.0,0.0,val->test
601901_2025-01-02,601901,2025-01-02,0,-0.040353105912606,val,911,843.0,train,68.0,0.0,0.0,train->val
601901_2025-10-09,601901,2025-10-09,0,-0.0036763624563233,test,1094,1026.0,val,68.0,0.0,0.0,val->test
601916_2025-01-02,601916,2025-01-02,0,-0.024561614379154,val,905,837.0,train,68.0,0.0,0.0,train->val
601916_2025-10-09,601916,2025-10-09,1,0.0200667896284079,test,1088,1020.0,val,68.0,0.0,0.0,val->test
601919_2025-01-02,601919,2025-01-02,0,-0.0558882247787595,val,911,843.0,train,68.0,0.0,0.0,train->val
601919_2025-10-09,601919,2025-10-09,1,0.0333797280944966,test,1094,1026.0,val,68.0,0.0,0.0,val->test
601939_2025-01-02,601939,2025-01-02,0,-0.034925209739507,val,911,843.0,train,68.0,0.0,0.0,train->val
601939_2025-10-09,601939,2025-10-09,1,0.0668972152527163,test,1094,1026.0,val,68.0,0.0,0.0,val->test
601985_2025-01-02,601985,2025-01-02,0,-0.0827586098181931,val,911,843.0,train,68.0,0.0,0.0,train->val
601985_2025-10-09,601985,2025-10-09,0,-0.0054883939551377,test,1094,1026.0,val,68.0,0.0,0.0,val->test
601995_2025-01-02,601995,2025-01-02,0,-0.0560517411680125,val,911,843.0,train,68.0,0.0,0.0,train->val
601995_2025-10-09,601995,2025-10-09,0,-0.0021333650631863,test,1094,1026.0,val,68.0,0.0,0.0,val->test
601998_2025-01-02,601998,2025-01-02,0,-0.0221238075729553,val,911,843.0,train,68.0,0.0,0.0,train->val
601998_2025-10-09,601998,2025-10-09,1,0.0619833617812237,test,1094,1026.0,val,68.0,0.0,0.0,val->test
603019_2025-01-02,603019,2025-01-02,0,-0.1038999261043158,val,911,843.0,train,68.0,0.0,0.0,train->val
603019_2025-10-09,603019,2025-10-09,0,-0.1478564452106431,test,1084,995.0,val,89.0,0.0,0.0,val->test
603195_2025-01-02,603195,2025-01-02,0,-0.0332124626851207,val,911,843.0,train,68.0,0.0,0.0,train->val
603195_2025-10-09,603195,2025-10-09,0,-0.0423118840549914,test,1094,1026.0,val,68.0,0.0,0.0,val->test
603259_2025-01-02,603259,2025-01-02,1,0.0020731235789238,val,911,843.0,train,68.0,0.0,0.0,train->val
603259_2025-10-09,603259,2025-10-09,0,-0.1237040293821301,test,1094,1026.0,val,68.0,0.0,0.0,val->test
603260_2025-01-02,603260,2025-01-02,0,-0.0659240323951251,val,911,843.0,train,68.0,0.0,0.0,train->val
603260_2025-10-09,603260,2025-10-09,0,-0.0422674238735746,test,1094,1026.0,val,68.0,0.0,0.0,val->test
603288_2025-01-02,603288,2025-01-02,0,-0.0619037058419844,val,911,843.0,train,68.0,0.0,0.0,train->val
603288_2025-10-09,603288,2025-10-09,0,-0.0101677673416047,test,1094,1026.0,val,68.0,0.0,0.0,val->test
603296_2025-01-02,603296,2025-01-02,0,-0.0438122412987232,val,340,272.0,train,68.0,0.0,0.0,train->val
603296_2025-10-09,603296,2025-10-09,0,-0.1265775380865781,test,523,455.0,val,68.0,0.0,0.0,val->test
603369_2025-01-02,603369,2025-01-02,0,-0.0543308761921035,val,911,843.0,train,68.0,0.0,0.0,train->val
603369_2025-10-09,603369,2025-10-09,1,0.0071684628923202,test,1094,1026.0,val,68.0,0.0,0.0,val->test
603392_2025-01-02,603392,2025-01-02,1,0.017384843832234,val,911,843.0,train,68.0,0.0,0.0,train->val
603392_2025-10-09,603392,2025-10-09,0,-0.0542075369350975,test,1094,1026.0,val,68.0,0.0,0.0,val->test
603501_2025-01-02,603501,2025-01-02,0,-0.0082521357127656,val,911,843.0,train,68.0,0.0,0.0,train->val
603501_2025-10-09,603501,2025-10-09,0,-0.1521130563240648,test,1094,1026.0,val,68.0,0.0,0.0,val->test
603799_2025-01-02,603799,2025-01-02,1,0.0038718753354301,val,911,843.0,train,68.0,0.0,0.0,train->val
603799_2025-10-09,603799,2025-10-09,0,-0.1388533236363155,test,1094,1026.0,val,68.0,0.0,0.0,val->test
603806_2025-01-02,603806,2025-01-02,0,-0.0707350949674501,val,911,843.0,train,68.0,0.0,0.0,train->val
603806_2025-10-09,603806,2025-10-09,0,-0.0682237241549065,test,1094,1026.0,val,68.0,0.0,0.0,val->test
603833_2025-01-02,603833,2025-01-02,0,-0.0967742025882457,val,911,843.0,train,68.0,0.0,0.0,train->val
603833_2025-10-09,603833,2025-10-09,1,0.013323320498189,test,1094,1026.0,val,68.0,0.0,0.0,val->test
603986_2025-01-02,603986,2025-01-02,1,0.1442858525661342,val,911,843.0,train,68.0,0.0,0.0,train->val
603986_2025-10-09,603986,2025-10-09,0,-0.0760122392945829,test,1094,1026.0,val,68.0,0.0,0.0,val->test
603993_2025-01-02,603993,2025-01-02,1,0.0547111715211915,val,911,843.0,train,68.0,0.0,0.0,train->val
603993_2025-10-09,603993,2025-10-09,0,-0.1250723489470662,test,1094,1026.0,val,68.0,0.0,0.0,val->test
605117_2025-01-02,605117,2025-01-02,1,0.0209461916115135,val,899,831.0,train,68.0,0.0,0.0,train->val
605117_2025-10-09,605117,2025-10-09,0,-0.1083129623209196,test,1082,1014.0,val,68.0,0.0,0.0,val->test
605499_2025-01-02,605499,2025-01-02,1,0.0790898777175688,val,875,807.0,train,68.0,0.0,0.0,train->val
605499_2025-10-09,605499,2025-10-09,0,-0.0083247662612678,test,1058,990.0,val,68.0,0.0,0.0,val->test
688008_2025-01-02,688008,2025-01-02,0,-0.0458061566660733,val,911,843.0,train,68.0,0.0,0.0,train->val
688008_2025-10-09,688008,2025-10-09,0,-0.1396103900651178,test,1094,1026.0,val,68.0,0.0,0.0,val->test
688009_2025-01-02,688009,2025-01-02,0,-0.0548174032298414,val,911,843.0,train,68.0,0.0,0.0,train->val
688009_2025-10-09,688009,2025-10-09,0,-0.0329068724540592,test,1094,1026.0,val,68.0,0.0,0.0,val->test
688012_2025-01-02,688012,2025-01-02,0,-0.0107241627878114,val,911,843.0,train,68.0,0.0,0.0,train->val
688012_2025-10-09,688012,2025-10-09,0,-0.1763655146294784,test,1094,1026.0,val,68.0,0.0,0.0,val->test
688036_2025-01-02,688036,2025-01-02,0,-0.0506342717190815,val,911,843.0,train,68.0,0.0,0.0,train->val
688036_2025-10-09,688036,2025-10-09,0,-0.1947761096625725,test,1094,1026.0,val,68.0,0.0,0.0,val->test
688041_2025-01-02,688041,2025-01-02,1,0.0310612606061835,val,579,511.0,train,68.0,0.0,0.0,train->val
688041_2025-10-09,688041,2025-10-09,0,-0.1304314764030394,test,752,663.0,val,89.0,0.0,0.0,val->test
688047_2025-01-02,688047,2025-01-02,0,-0.0302380952380952,val,614,546.0,train,68.0,0.0,0.0,train->val
688047_2025-10-09,688047,2025-10-09,0,-0.1477035820329774,test,797,729.0,val,68.0,0.0,0.0,val->test
688082_2025-01-02,688082,2025-01-02,0,-0.0238991293977054,val,758,690.0,train,68.0,0.0,0.0,train->val
688082_2025-10-09,688082,2025-10-09,0,-0.1125309360849356,test,941,873.0,val,68.0,0.0,0.0,val->test
688111_2025-01-02,688111,2025-01-02,0,-0.0437260907134783,val,911,843.0,train,68.0,0.0,0.0,train->val
688111_2025-10-09,688111,2025-10-09,0,-0.0632740720050162,test,1094,1026.0,val,68.0,0.0,0.0,val->test
688126_2025-01-02,688126,2025-01-02,1,0.0086909330917109,val,911,843.0,train,68.0,0.0,0.0,train->val
688126_2025-10-09,688126,2025-10-09,0,-0.1296562022530738,test,1084,1016.0,val,68.0,0.0,0.0,val->test
688169_2025-01-02,688169,2025-01-02,0,-0.0014071738857464,val,911,843.0,train,68.0,0.0,0.0,train->val
688169_2025-10-09,688169,2025-10-09,0,-0.1306706110910992,test,1094,1026.0,val,68.0,0.0,0.0,val->test
688187_2025-01-02,688187,2025-01-02,0,-0.074678116819256,val,803,735.0,train,68.0,0.0,0.0,train->val
688187_2025-10-09,688187,2025-10-09,0,-0.0233955050577791,test,986,918.0,val,68.0,0.0,0.0,val->test
688223_2025-01-02,688223,2025-01-02,0,-0.0870186753795803,val,710,642.0,train,68.0,0.0,0.0,train->val
688223_2025-10-09,688223,2025-10-09,0,-0.0603448840668017,test,893,825.0,val,68.0,0.0,0.0,val->test
688256_2025-01-02,688256,2025-01-02,1,0.1136581890276013,val,911,843.0,train,68.0,0.0,0.0,train->val
688256_2025-10-09,688256,2025-10-09,0,-0.0387682980814682,test,1094,1026.0,val,68.0,0.0,0.0,val->test
688271_2025-01-02,688271,2025-01-02,0,-0.0198255434335067,val,573,505.0,train,68.0,0.0,0.0,train->val
688271_2025-10-09,688271,2025-10-09,0,-0.1047290028885891,test,756,688.0,val,68.0,0.0,0.0,val->test
688303_2025-01-02,688303,2025-01-02,0,-0.09181560028934,val,836,768.0,train,68.0,0.0,0.0,train->val
688303_2025-10-09,688303,2025-10-09,0,-0.0606680342681094,test,1019,951.0,val,68.0,0.0,0.0,val->test
688396_2025-01-02,688396,2025-01-02,0,-0.030977328714153,val,911,843.0,train,68.0,0.0,0.0,train->val
688396_2025-10-09,688396,2025-10-09,0,-0.0965052588662308,test,1094,1026.0,val,68.0,0.0,0.0,val->test
688472_2025-01-02,688472,2025-01-02,0,-0.0732899022801301,val,380,312.0,train,68.0,0.0,0.0,train->val
688472_2025-10-09,688472,2025-10-09,0,-0.1343817492429411,test,563,495.0,val,68.0,0.0,0.0,val->test
688506_2025-01-02,688506,2025-01-02,0,-0.0283636363636364,val,481,413.0,train,68.0,0.0,0.0,train->val
688506_2025-10-09,688506,2025-10-09,0,-0.0445293315143246,test,664,596.0,val,68.0,0.0,0.0,val->test
688599_2025-01-02,688599,2025-01-02,0,-0.0663129185456066,val,911,843.0,train,68.0,0.0,0.0,train->val
688599_2025-10-09,688599,2025-10-09,0,-0.0206185650916789,test,1094,1026.0,val,68.0,0.0,0.0,val->test
688981_2025-01-02,688981,2025-01-02,1,0.0562472209871054,val,911,843.0,train,68.0,0.0,0.0,train->val
688981_2025-12-10,688981,2025-12-10,0,-0.0230418708623506,test,1132,1020.0,val,112.0,0.0,0.0,val->test
